"m2";-0.026141636805866633
"spice";-0.012372532139435781
"spare";-0.00830029884550132
"9.6";-0.003826531370293431
"144.6";-0.003344201906515998
"115.2";-7.528417095742386E-4
"a4";-7.528417095742386E-4
"figur";-4.68063863396144E-4
"0.42";-4.1636739219419374E-4
"tv";-4.070854489004451E-4
"suhdtv";-3.107491669289027E-4
"1080p30fp";-2.0727116435618134E-4
"720p30fp";-2.0727116435618134E-4
"unbeat";-1.8265983565467835E-4
"thinner";-1.8265983565467835E-4
"chassi";-1.8265983565467835E-4
"lighter";-1.8265983565467835E-4
"lg'";-1.3864810266425633E-4
"machin";-1.3218784245195257E-4
"alarm";-1.310165027700223E-4
"fi";-1.2789914071554458E-4
"get";-1.2021040098179241E-4
"phone";-1.1673494642832033E-4
"thousand";-1.1184297374393576E-4
"fact";-9.661021434619011E-5
"purchas";-9.641795430311885E-5
"full";-9.046064138560185E-5
"big";-9.019228349947819E-5
"spend";-8.542380787229559E-5
"exce";-8.116551292822877E-5
"mac";-8.108427913665849E-5
"your";-7.59642199162267E-5
"give";-7.54837646234378E-5
"cover";-7.401133431419755E-5
"lcd";-7.38731068710911E-5
"headphon";-7.104468116761052E-5
"fashion";-6.907438749347364E-5
"1900";-6.771617476035267E-5
"manag";-6.383274706993868E-5
"custom";-6.381529638098665E-5
"scene";-6.203435677578154E-5
"wma";-6.182816701345132E-5
"back";-6.09992568498959E-5
"store";-5.6782233380628204E-5
"he";-5.633200461000083E-5
"hdmi";-5.526542367033068E-5
"definit";-5.402546221873255E-5
"1800";-5.387759895642604E-5
"industri";-5.378502991494876E-5
"open";-5.357358027169865E-5
"bean";-5.306676115744702E-5
"mani";-5.169460414688608E-5
"dive";-5.141325617887601E-5
"slow";-5.0216577351231556E-5
"anyth";-4.9463887720007946E-5
"treatment";-4.943491931214475E-5
"now";-4.852580382841854E-5
"date";-4.840091658827553E-5
"gyro";-4.825053988882934E-5
"1";-4.712026146397948E-5
"simultan";-4.5957739939097414E-5
"product";-4.5353406426641187E-5
"60";-4.511605692732179E-5
"measur";-4.4991437586877625E-5
"contact";-4.447624621863478E-5
"1080";-4.3814834288748855E-5
"condit";-4.347868992517472E-5
"event";-4.2174366947445594E-5
"beauti";-4.078278611017484E-5
"us";-4.013545779120789E-5
"take";-3.9829042948770314E-5
"wmv";-3.971670114806102E-5
"build";-3.9441823670873996E-5
"accept";-3.841677390383055E-5
"area";-3.6953411006434775E-5
"speaker";-3.694853882997757E-5
"aac";-3.676781614752461E-5
"watt";-3.6574805777693856E-5
"busi";-3.553052505924064E-5
"shop";-3.545902892824471E-5
"calendar";-3.5225071356928886E-5
"integr";-3.46276121925785E-5
"detail";-3.435110896420838E-5
"amazon";-3.378940695344949E-5
"act";-3.3631362384618085E-5
"compon";-3.314817611401377E-5
"ye";-3.2357369573118855E-5
"replac";-3.2295109206099785E-5
"ad";-3.149089679628048E-5
"4k";-3.1442803290726486E-5
"current";-3.1278368548947905E-5
"shot";-3.103072706107154E-5
"lan";-3.097792084732348E-5
"unit";-3.0940323758175785E-5
"pick";-3.092521602538747E-5
"1.3mp";-3.0917003873662386E-5
"seat";-3.080000880691276E-5
"set";-2.9925879632519692E-5
"guarante";-2.9847965481237006E-5
"finish";-2.9459288885653155E-5
"support";-2.9408406711055324E-5
"sleep";-2.931517791138899E-5
"network";-2.9028998953717876E-5
"x";-2.8635620627850272E-5
"chip";-2.851201272661367E-5
"mp4";-2.776501942847176E-5
"tablet";-2.76201203901396E-5
"1080p";-2.7481683113612758E-5
"without";-2.7385831255109447E-5
"infinit";-2.732422780945057E-5
"locat";-2.709740764588256E-5
"memo";-2.6456044803934866E-5
"displai";-2.5909188162875647E-5
"result";-2.5849604773241566E-5
"studio";-2.5849263463759153E-5
"uhd";-2.5549855257727197E-5
"about";-2.5407010486869913E-5
"3.5";-2.5323851048961177E-5
"pcm";-2.5219386445562986E-5
"less";-2.5163623480250856E-5
"4g";-2.511682646956677E-5
"let";-2.4829322230704443E-5
"destin";-2.4741435516145716E-5
"receiv";-2.464033811984661E-5
"chemic";-2.462025853114819E-5
"6p";-2.45638881347654E-5
"black";-2.448223808158975E-5
"craft";-2.4108876042963114E-5
"sync";-2.3998750404996072E-5
"dark";-2.389530402735658E-5
"should";-2.387754125380767E-5
"auto";-2.3616931356613968E-5
"import";-2.3518494439567564E-5
"3.5mm";-2.3415074154939722E-5
"steel";-2.315233468895561E-5
"user";-2.2803372656319924E-5
"umbrella";-2.2739578332418224E-5
"motion";-2.260816112127466E-5
"info";-2.2579580452910348E-5
"smartphon";-2.2515075012137856E-5
"ever";-2.2474440104208043E-5
"brand";-2.2436407425684146E-5
"db";-2.2387874858944418E-5
"engin";-2.2136664597759495E-5
"think";-2.211616708894823E-5
"out";-2.1949720305931494E-5
"siri";-2.1923037408758952E-5
"stand";-2.1872758569388764E-5
"doubl";-2.1790452032892718E-5
"time";-2.1752655340529555E-5
"graphic";-2.1730286303768206E-5
"ethernet";-2.1696657867394583E-5
"respons";-2.1565446706964253E-5
"insid";-2.1144171854003968E-5
"specif";-2.1077487054495248E-5
"top";-2.1053175054791887E-5
"editor";-2.0778228941015393E-5
"four";-2.0507275538136915E-5
"button";-2.0489613945150198E-5
"particular";-2.042374817525736E-5
"type";-2.030060170544329E-5
"remov";-2.0270639558657953E-5
"everyon";-2.0222890887246648E-5
"webo";-2.0042013761737906E-5
"lightweight";-1.9977180754377627E-5
"media";-1.9855835273703548E-5
"regist";-1.9806070611100984E-5
"dual";-1.9708013690511623E-5
"background";-1.9646330528729286E-5
"6";-1.962568307421666E-5
"ani";-1.9436963849667026E-5
"meet";-1.9339345662745117E-5
"ui";-1.9327740038631476E-5
"choos";-1.9235416199489736E-5
"few";-1.9235416199489736E-5
"storag";-1.9208841297866167E-5
"qualiti";-1.892674081833707E-5
"special";-1.886654275992574E-5
"normal";-1.878329388177675E-5
"advanc";-1.874123154415111E-5
"960";-1.822419286868701E-5
"guid";-1.815268611318234E-5
"ask";-1.7925092094537632E-5
"categori";-1.7842637688725998E-5
"uhdtv";-1.7691759897036155E-5
"accessori";-1.7052825502228246E-5
"under";-1.6754358884117637E-5
"achiev";-1.6702176385693822E-5
"brows";-1.6689860751117045E-5
"surround";-1.6460580748980415E-5
"12";-1.6229313920118615E-5
"iei";-1.62209013746191E-5
"core";-1.6146351737540872E-5
"600";-1.6033645878703318E-5
"backsid";-1.600978261162627E-5
"chat";-1.598654764258531E-5
"player";-1.5977204730220976E-5
"extend";-1.5866312752951806E-5
"exterior";-1.584862149395759E-5
"antenna";-1.5736433410302845E-5
"0.5";-1.5713112177535155E-5
"french";-1.566511816057225E-5
"field";-1.5552667180896308E-5
"captur";-1.553600148988723E-5
"it'";-1.5465213079583155E-5
"point";-1.5441740634608916E-5
"intern";-1.5372357539994615E-5
"illumin";-1.5370327780566033E-5
"includ";-1.5311870100253623E-5
"allow";-1.5294498329645675E-5
"just";-1.528926201080881E-5
"biggest";-1.5273442734145895E-5
"1440";-1.5254798481370568E-5
"latest";-1.5103055222108171E-5
"year";-1.5081660024438871E-5
"iphon";-1.4855485868793365E-5
"googl";-1.4844139288932787E-5
"good";-1.4810204701879229E-5
"output";-1.473677575678043E-5
"lamin";-1.4724040062362312E-5
"touch";-1.4698820409557618E-5
"camera";-1.4599011834481E-5
"extern";-1.4461039002554993E-5
"quick";-1.4384907504785393E-5
"littl";-1.4344101845899238E-5
"mode";-1.4236346412806471E-5
"ic";-1.417006548844787E-5
"sim";-1.4095742362514326E-5
"structur";-1.409530827427524E-5
"xbox";-1.4043069400822153E-5
"infin";-1.4002156769248617E-5
"2100";-1.392784630080239E-5
"reach";-1.392059495816195E-5
"larg";-1.386386943926822E-5
"ms";-1.3816439886301041E-5
"board";-1.3783802265654801E-5
"2g";-1.377635973723746E-5
"second";-1.3679625324062444E-5
"mhl";-1.3341010491810376E-5
"email";-1.3298446567396906E-5
"contract";-1.3260888115691413E-5
"4";-1.3239508958565573E-5
"hotel";-1.3187848790577328E-5
"isol";-1.3129482618395513E-5
"updat";-1.3087220330981438E-5
"becaus";-1.3071596625469431E-5
"enjoi";-1.2917576460911488E-5
"exyno";-1.2874754827522927E-5
"navig";-1.2720616232716683E-5
"17";-1.2644789734967549E-5
"youtub";-1.2625021585422301E-5
"talk";-1.258481679301815E-5
"after";-1.2536233867553419E-5
"boost";-1.2488215909746414E-5
"tool";-1.2479159556809954E-5
"continu";-1.23903106464332E-5
"join";-1.2321666898128768E-5
"skin";-1.2320937535301472E-5
"around";-1.2318540694774421E-5
"within";-1.230538084485977E-5
"readi";-1.222487953839689E-5
"mai";-1.2187603215807474E-5
"6.5";-1.2122665785556816E-5
"won't";-1.2121330236920764E-5
"ultra";-1.210267096034539E-5
"social";-1.2028302386850667E-5
"side";-1.1962180334021064E-5
"term";-1.1803869857133923E-5
"built";-1.1789050773891932E-5
"tv'";-1.1706611443653304E-5
"yourself";-1.1704723189090178E-5
"sinc";-1.1592953282623304E-5
"bodi";-1.1550385571710948E-5
"know";-1.1471325483616499E-5
"radiat";-1.1450454674979504E-5
"expand";-1.1439223467403677E-5
"g4";-1.1232687651721932E-5
"w";-1.1079745515545775E-5
"simpler";-1.1056873526227654E-5
"come";-1.1036330550500892E-5
"remain";-1.0985741118156893E-5
"pearl";-1.0973947390649497E-5
"warranti";-1.0902598080428198E-5
"autofocu";-1.0893654643243903E-5
"jack";-1.085834270821151E-5
"prefer";-1.0821155937054629E-5
"n";-1.0739867466105085E-5
"hour";-1.0734423164899046E-5
"music";-1.0727888116812169E-5
"diamond";-1.0551903924200249E-5
"aluminium";-1.0529516997620503E-5
"xperia";-1.0419218974360572E-5
"develop";-1.0346996327435971E-5
"3.0";-1.0345932779948913E-5
"outstand";-1.0231252555999854E-5
"seen";-1.0149197872698357E-5
"foot";-1.0119256280399086E-5
"stronger";-1.0112685698939958E-5
"friend";-1.0081197336561263E-5
"understand";-1.006692599002776E-5
"comfort";-1.0055450034037947E-5
"drive";-1.0033691459469113E-5
"detect";-1.0027724026351152E-5
"wake";-9.939772275945058E-6
"great";-9.925335900731747E-6
"prepaid";-9.921360307807436E-6
"mind";-9.864620480578429E-6
"0.39";-9.813932939841709E-6
"49";-9.79848930054289E-6
"g925";-9.79074975641231E-6
"directli";-9.778797375130625E-6
"265";-9.776977475106738E-6
"mic";-9.731944492125805E-6
"20mp";-9.685344430028497E-6
"direct";-9.68035784256957E-6
"televis";-9.666754037337098E-6
"headband";-9.642017431691317E-6
"case";-9.613457804619197E-6
"i";-9.594693812531654E-6
"min";-9.560235997982044E-6
"improv";-9.550458087309935E-6
"13";-9.53106871478572E-6
"clock";-9.497120508952339E-6
"sport";-9.411254782962925E-6
"while";-9.354821042098223E-6
"sprint";-9.297680501244021E-6
"ipad";-9.245732343532778E-6
"stuff";-9.229748304720156E-6
"select";-9.202576542897338E-6
"hook";-9.195850071872685E-6
"comput";-9.186860049095746E-6
"remind";-9.13734748629949E-6
"per";-9.129707649600295E-6
"mp";-9.118556259529937E-6
"ratio";-9.041821919325566E-6
"inform";-9.04153432542635E-6
"fit";-9.025756504737505E-6
"both";-9.006885073671242E-6
"how";-9.004178846008272E-6
"ultim";-9.002819975911097E-6
"off";-8.969789888462962E-6
"be";-8.944680488239421E-6
"bottom";-8.897505432237682E-6
"goe";-8.856872456484131E-6
"job";-8.808678638849016E-6
"8";-8.778160833061797E-6
"beat";-8.761451857535255E-6
"piec";-8.743179097615862E-6
"applic";-8.729365268648516E-6
"multi";-8.644530935219327E-6
"equip";-8.626763389697235E-6
"67";-8.621018422010063E-6
"els";-8.599447085896483E-6
"essenti";-8.557189011491211E-6
"mail";-8.54838984891762E-6
"natur";-8.439103823663918E-6
"gorilla";-8.415957477716368E-6
"htc";-8.39855241700771E-6
"10.4";-8.35640431805229E-6
"zero";-8.305248539638857E-6
"5.64";-8.300631739923339E-6
"san";-8.25951201741202E-6
"v5.0";-8.21511383914536E-6
"price";-8.196954547437865E-6
"att";-8.150529193178707E-6
"avail";-8.145118550113937E-6
"match";-8.134569270855522E-6
"rear";-8.125227175015542E-6
"pro";-8.026807133873146E-6
"daili";-7.991782402492348E-6
"crystal";-7.983421280488758E-6
"reproduc";-7.970554432376545E-6
"55eg9100";-7.945923170455532E-6
"percent";-7.925915579481144E-6
"tag";-7.913076193483072E-6
"cloth";-7.828631225906919E-6
"wire";-7.81585432407415E-6
"pressur";-7.806365180481787E-6
"don't";-7.786330004621797E-6
"simpl";-7.78292837391295E-6
"releas";-7.74274270402489E-6
"circumaur";-7.697909181609425E-6
"check";-7.637418935188198E-6
"brought";-7.599450487553761E-6
"720p";-7.577486136967418E-6
"bundl";-7.560246004867724E-6
"appear";-7.555729953432136E-6
"uniqu";-7.474850214459101E-6
"wider";-7.464909987871943E-6
"reader";-7.438536704505727E-6
"fm";-7.437397927623907E-6
"kit";-7.406688857777843E-6
"damag";-7.389889047807602E-6
"4.6";-7.382799096332729E-6
"lightn";-7.381410973530478E-6
"compact";-7.373968762902579E-6
"261";-7.30340931651835E-6
"whole";-7.2683927186805315E-6
"spatial";-7.249957631357863E-6
"exampl";-7.2185771703583904E-6
"sophist";-7.189216519271589E-6
"degre";-7.184155805561518E-6
"order";-7.171709318728255E-6
"55";-7.168673422863585E-6
"23";-7.160369769918656E-6
"print";-7.1464466530249795E-6
"11";-7.1387327715592835E-6
"3";-7.13298666998592E-6
"29";-7.123803486534677E-6
"amplifi";-7.070525795992329E-6
"intend";-7.040024308372847E-6
"activ";-6.948516870363894E-6
"920";-6.902109693111835E-6
"right";-6.899828634111729E-6
"wait";-6.847734425139123E-6
"125";-6.841680303627346E-6
"grai";-6.822898074770878E-6
"clean";-6.810792008878834E-6
"frame";-6.804642154710494E-6
"4.4";-6.787851293697706E-6
"3.1";-6.639306586043E-6
"last";-6.633149708505821E-6
"sn";-6.632759117190671E-6
"110";-6.62475783042461E-6
"amber";-6.619667420874886E-6
"combo";-6.602947741281889E-6
"z5";-6.540143892379974E-6
"voltag";-6.534284398167223E-6
"a2dp";-6.521217027533315E-6
"cec";-6.494366117011808E-6
"consol";-6.486937237686757E-6
"experienc";-6.4827010424017155E-6
"2.8";-6.469973411832308E-6
"bit";-6.467572547377148E-6
"try";-6.448054112361337E-6
"sleev";-6.441796808195205E-6
"3.06";-6.429396360215552E-6
"3gb";-6.405392659399045E-6
"manufactur";-6.359006761488123E-6
"superior";-6.339937264898676E-6
"that'";-6.337963536011583E-6
"grei";-6.320625262307188E-6
"4.87";-6.314361441821237E-6
"foam";-6.291899973608073E-6
"carrier";-6.244641206313607E-6
"1.5ghz";-6.206067126084125E-6
"disc";-6.201452409768411E-6
"specifi";-6.199956608449598E-6
"5.2";-6.1950300342142285E-6
"knew";-6.172126185101086E-6
"thank";-6.160630608431639E-6
"creat";-6.152175048941208E-6
"dedic";-6.147131741423943E-6
"could";-6.1411693517272016E-6
"128";-6.130587488392919E-6
"scan";-6.088928370184127E-6
"reduc";-6.070896606761439E-6
"excel";-6.036537670044834E-6
"instant";-6.035302693722239E-6
"oper";-6.028980810846539E-6
"soundstag";-6.027348599751958E-6
"gsm";-5.989298380562093E-6
"rom";-5.975389841921427E-6
"gmail";-5.972176739766841E-6
"provid";-5.933193282931827E-6
"1xevdo";-5.8915014230683784E-6
"q701";-5.814657281909166E-6
"million";-5.806607509820788E-6
"delight";-5.771072070369325E-6
"best";-5.7509585124132165E-6
"14";-5.746248253700199E-6
"gpu";-5.728451698507574E-6
"resist";-5.727038610171161E-6
"360";-5.7246512329151705E-6
"280";-5.706542098554701E-6
"xxl";-5.684064563489478E-6
"wai";-5.669784257788732E-6
"master";-5.65728488980885E-6
"ac";-5.637449209171773E-6
"goal";-5.6276606652562455E-6
"bold";-5.565214235702549E-6
"wasn't";-5.558513326230389E-6
"happi";-5.46682063225798E-6
"bring";-5.42842246238002E-6
"47";-5.410030782066963E-6
"recommend";-5.388674082341699E-6
"1.00";-5.3881374412548255E-6
"shure";-5.3705849465002925E-6
"212";-5.362215804770179E-6
"199";-5.362215804770179E-6
"eleg";-5.360629684521799E-6
"realist";-5.357608019776125E-6
"someth";-5.336175461919182E-6
"box";-5.32733252456806E-6
"consist";-5.322620739863903E-6
"39800";-5.299568741095836E-6
"miss";-5.2981570938569005E-6
"breakthrough";-5.241505754688522E-6
"150";-5.222723577910329E-6
"bass";-5.203056784667745E-6
"pure";-5.176812154409445E-6
"even";-5.168733546405749E-6
"them";-5.166413752514046E-6
"first";-5.147974980069386E-6
"host";-5.144426375612243E-6
"520";-5.104442531113015E-6
"1.0";-5.095745407783898E-6
"pixel";-5.094753654022628E-6
"finger";-5.067979511642028E-6
"actual";-5.0614070632843365E-6
"2.2";-5.057808695983269E-6
"cool";-5.028156144962215E-6
"earphon";-5.012320779223048E-6
"172";-4.999127281784502E-6
"quit";-4.99677630222406E-6
"dial";-4.971564310409914E-6
"slim";-4.9483420562802805E-6
"what";-4.938172168015426E-6
"audiophil";-4.912934665871754E-6
"five";-4.902691035243592E-6
"where";-4.899990318209431E-6
"blue";-4.891051161911436E-6
"42";-4.890109117684956E-6
"proxim";-4.873912853673042E-6
"were";-4.8394246097288596E-6
"visibl";-4.821884403632265E-6
"slo";-4.801414470165244E-6
"li";-4.77721137568006E-6
"effici";-4.770301547628308E-6
"1200";-4.728699359159267E-6
"b";-4.715732100576964E-6
"4.8";-4.7055093086091865E-6
"size";-4.704009595046452E-6
"56";-4.681701405490524E-6
"mixer";-4.6657726103477365E-6
"alcantara";-4.642432586825316E-6
"silicon";-4.585966653420487E-6
"patent";-4.56970684250429E-6
"huge";-4.560245427438097E-6
"58.6";-4.526209245782082E-6
"usb";-4.517048040183699E-6
"photo";-4.4889306804354705E-6
"4.0";-4.470192040469806E-6
"promis";-4.469335864766555E-6
"49.5";-4.465322914620979E-6
"sr";-4.461567336022654E-6
"imped";-4.447000519974126E-6
"sign";-4.4327720930287945E-6
"glonass";-4.400282729074634E-6
"cushion";-4.390191650977551E-6
"00";-4.388742466090697E-6
"flang";-4.384151777428805E-6
"launch";-4.3778260891703755E-6
"25.8";-4.371702551362981E-6
"adreno";-4.356101150580598E-6
"calcul";-4.3176896839262E-6
"option";-4.2969273696923105E-6
"matt";-4.259624337043112E-6
"everyth";-4.248358755915699E-6
"devic";-4.2395306332713295E-6
"polar";-4.227778730124532E-6
"dure";-4.215279269370337E-6
"ident";-4.194298147261119E-6
"tone";-4.18624781147554E-6
"transmitt";-4.156534536458613E-6
"shutter";-4.142969755110011E-6
"slot";-4.107326109413297E-6
"corn";-4.092407240422619E-6
"apple'";-4.090493778786215E-6
"cellular";-4.0790500190668365E-6
"sound";-4.078303470476854E-6
"lifestyl";-4.0598157200061324E-6
"k712pro";-4.0483799892965244E-6
"clearer";-4.022428038559685E-6
"reliabl";-4.021066601433889E-6
"krait";-4.014459468673062E-6
"quickli";-4.008816677698347E-6
"wireless";-3.968692475847524E-6
"signatur";-3.965913542633339E-6
"same";-3.965329717636745E-6
"qualcomm";-3.9594847092948304E-6
"20";-3.943533711238574E-6
"kind";-3.891618311337684E-6
"bag";-3.8886050809615325E-6
"can't";-3.866589950179691E-6
"standard";-3.843231341638456E-6
"region";-3.841035354811654E-6
"230";-3.8121157524342864E-6
"thd";-3.7967136035628804E-6
"235";-3.7915937578066527E-6
"notif";-3.7885852747117366E-6
"mini";-3.788185371033856E-6
"56.5";-3.7842717643413454E-6
"warm";-3.7766930458616246E-6
"stabilis";-3.729229375901144E-6
"until";-3.710994272484308E-6
"un40ju6400";-3.7089601808565353E-6
"analog";-3.6983149224907585E-6
"magnet";-3.6960450825794338E-6
"assort";-3.6895146990987387E-6
"we'v";-3.6880963304771874E-6
"mechan";-3.678144222652932E-6
"why";-3.6708660706519323E-6
"incred";-3.6653994775343035E-6
"oxygen";-3.6516948901553145E-6
"pre";-3.6457882489498734E-6
"selfi";-3.643668123235128E-6
"viewabl";-3.6141498679989614E-6
"400";-3.61392889543081E-6
"throughout";-3.5970465926942613E-6
"tx100u";-3.581307012823047E-6
"s5";-3.5803715731606844E-6
"push";-3.5725645275517387E-6
"stainless";-3.5631394686500006E-6
"outsid";-3.556134186040688E-6
"market";-3.5247249798564507E-6
"41";-3.510485293211729E-6
"classic";-3.4996406282345654E-6
"k612";-3.4943312211024633E-6
"m";-3.465782517026242E-6
"anod";-3.4657066824190933E-6
"108";-3.443199581518747E-6
"brush";-3.435192506439158E-6
"sleek";-3.430732327257876E-6
"multitask";-3.4154847074255573E-6
"list";-3.407829164863048E-6
"automat";-3.395916795784909E-6
"113";-3.3912753060907994E-6
"70";-3.3812243261813475E-6
"mention";-3.3777167150021714E-6
"1700";-3.373726982389982E-6
"browser";-3.370460881704152E-6
"smartphone’";-3.3657913409094914E-6
"sandwich";-3.329491860113072E-6
"suspend";-3.316240334351765E-6
"gimbal";-3.316240334351765E-6
"visual";-3.31148358169408E-6
"progress";-3.3097537502986725E-6
"2.4";-3.3030534510045464E-6
"36";-3.2987616860198703E-6
"aural";-3.282497367987358E-6
"microdriv";-3.280900098760753E-6
"e.a.r";-3.2637431584409127E-6
"rgb";-3.257081303258622E-6
"perform";-3.2411840283899304E-6
"aspect";-3.233691703866115E-6
"spectrum";-3.1722105141132717E-6
"sold";-3.171681229170893E-6
"dot";-3.1642302835397133E-6
"temper";-3.0856753584899456E-6
"head";-3.0817340843210467E-6
"fresh";-3.0805356737856338E-6
"1.2";-3.0788652813397432E-6
"control";-3.0786376886702063E-6
"925";-3.069021244470559E-6
"nokia";-3.0421165689038104E-6
"52.7";-3.036284992083281E-6
"content";-3.036183724536984E-6
"nois";-3.024880908099846E-6
"water";-3.019292122647191E-6
"call";-3.0140610802788237E-6
"3000";-3.0040946751228037E-6
"interfac";-2.970631398979684E-6
"cdma";-2.970292762177057E-6
"surfac";-2.968761272377496E-6
"enjoy";-2.967452868349145E-6
"91";-2.9576851482117667E-6
"mp3";-2.957442523847907E-6
"16m";-2.9409089700596983E-6
"there'";-2.936559782700207E-6
"rmf";-2.920282886786945E-6
"4.2";-2.914020618209158E-6
"band";-2.913933434848734E-6
"32";-2.9114619005406563E-6
"photograph";-2.907082010537552E-6
"cure";-2.903017909326583E-6
"meter";-2.903017909326583E-6
"super";-2.897602754698119E-6
"12.5";-2.874890019509413E-6
"velvet";-2.8606610287850234E-6
"768";-2.8582257917963982E-6
"sapphir";-2.8525825981548514E-6
"1.6";-2.8259545555552328E-6
"durabl";-2.8193726476638536E-6
"a53";-2.8173185940352785E-6
"a57";-2.8173185940352785E-6
"luxuri";-2.8167461350592227E-6
"1gb";-2.774821059054605E-6
"xbr";-2.771730596718043E-6
"punchi";-2.770577858858883E-6
"more";-2.7642429415717425E-6
"diaphragm";-2.7243021486732244E-6
"3840";-2.723406372672106E-6
"ergonom";-2.7065311926192936E-6
"movi";-2.7015044470717064E-6
"rm";-2.6853118200506615E-6
"5.7";-2.6809935290104947E-6
"pictur";-2.6693961645563036E-6
"2.6";-2.6463171136351884E-6
"optic";-2.642498946388294E-6
"5c";-2.638741333341188E-6
"environ";-2.625862433077125E-6
"taken";-2.625069580002102E-6
"intuit";-2.58902610491738E-6
"backlight";-2.5789377483577403E-6
"duti";-2.5552326944254197E-6
"transit";-2.5496214887719775E-6
"perfectli";-2.5274885087356314E-6
"5.0";-2.5272589648898947E-6
"fingerprint";-2.5093579342442413E-6
"plate";-2.4924784005312013E-6
"shell";-2.4863085515373437E-6
"intermodul";-2.483804331560975E-6
"ir";-2.4748334293450724E-6
"k240";-2.4742734366992036E-6
"tast";-2.4670165521555713E-6
"clariti";-2.385170819423424E-6
"820";-2.3839619143227247E-6
"512";-2.365361750220757E-6
"500";-2.353648170157381E-6
"duofol";-2.339890001929162E-6
"connect";-2.337863421912785E-6
"reduct";-2.337394135611343E-6
"1.7";-2.3354639328843074E-6
"55x900c";-2.3321121757871264E-6
"land";-2.3297137014938163E-6
"took";-2.3281089654905024E-6
"vs986";-2.3262819897519474E-6
"inspir";-2.2974368703817844E-6
"57";-2.2705286376895756E-6
"desir";-2.265298713067837E-6
"perfect";-2.263085147892821E-6
"5.9";-2.245750723703366E-6
"surf";-2.2400125474458625E-6
"when";-2.235657756138789E-6
"33";-2.226301138943226E-6
"4.4.4";-2.2262381945567914E-6
"except";-2.21926625427072E-6
"alert";-2.1937268779782627E-6
"44";-2.1918728421999045E-6
"midrang";-2.1759773094993197E-6
"wirelessli";-2.174788298081945E-6
"detach";-2.1512975730665976E-6
"choic";-2.147327544039287E-6
"line";-2.1376079685463123E-6
"block";-2.1342374725156E-6
"level";-2.1322212166389326E-6
"coil";-2.131708469580579E-6
"135";-2.1285495895089976E-6
"2160";-2.121074024480883E-6
"laps";-2.115708594499499E-6
"gpr";-2.113621632488308E-6
"4.2.2";-2.1092247519255425E-6
"gorgeou";-2.1060749660409533E-6
"nfc";-2.0619969849772473E-6
"seven";-2.049659525939565E-6
"long";-2.0471871977623124E-6
"fun";-2.0418976789480375E-6
"inch";-2.030926386539615E-6
"paint";-2.0255066610934055E-6
"titan";-2.0223875511823507E-6
"trust";-2.0218347707536607E-6
"instanc";-2.0154002298119443E-6
"addition";-2.0056063109268177E-6
"explor";-1.9913944246514922E-6
"103";-1.9866037377349807E-6
"volum";-1.964508305724033E-6
"m7";-1.955004550736189E-6
"interact";-1.9546884779734998E-6
"gradient";-1.9460467927471623E-6
"pinpoint";-1.9331766837888797E-6
"thread";-1.9308537396684145E-6
"oz";-1.9212796058846668E-6
"popular";-1.9202416170725767E-6
"conveni";-1.9197655605610296E-6
"x850c";-1.9196802965299077E-6
"sure";-1.9179273028444715E-6
"purer";-1.8722846944797269E-6
"tx200u";-1.8692788177551711E-6
"fantast";-1.8405213500494177E-6
"215";-1.826732028105361E-6
"qam";-1.8260827013916528E-6
"dvd";-1.8246037220455424E-6
"coprocessor";-1.818011325170621E-6
"vivid";-1.8040296511732251E-6
"parent";-1.7874712918836133E-6
"redefin";-1.7754473705093201E-6
"depict";-1.7507740469443946E-6
"defens";-1.7477795510204241E-6
"yellow";-1.7468062232144435E-6
"stabil";-1.7327942055962026E-6
"clip";-1.7195060694752407E-6
"collaps";-1.7189777233028725E-6
"v4.0";-1.7043398830747514E-6
"densiti";-1.6927677235628602E-6
"anim";-1.6893374368376986E-6
"diagon";-1.6771414302297079E-6
"driver";-1.6680690992616705E-6
"reason";-1.663184657386442E-6
"compass";-1.6231441508798936E-6
"18";-1.6142183684331873E-6
"adaptor";-1.6022139428129717E-6
"mist";-1.5911175967053826E-6
"re";-1.589078470455585E-6
"remot";-1.5862196837196016E-6
"password";-1.5832945091418645E-6
"newest";-1.579869380216939E-6
"000";-1.5757517983529257E-6
"5.51";-1.5757517983529257E-6
"1020";-1.5575147796488927E-6
"speed";-1.5483416976530887E-6
"laser";-1.5360580970440012E-6
"16";-1.5345237796239239E-6
"ambient";-1.5223355731199678E-6
"impress";-1.502711076078458E-6
"attenu";-1.4914229413747968E-6
"z3";-1.4840947950431332E-6
"le";-1.475125828637354E-6
"k702";-1.4665138633619527E-6
"369";-1.45697261301751E-6
"percept";-1.429901260937023E-6
"hd600";-1.3779534631108703E-6
"4x";-1.3764955893362605E-6
"7.1";-1.3665906698570335E-6
"birthdai";-1.3452631470660219E-6
"28";-1.3432338627437292E-6
"smarter";-1.335675769426406E-6
"p";-1.3031392954853272E-6
"2915";-1.3005328066140187E-6
"radio";-1.2743806330969831E-6
"brilliant";-1.254705258789728E-6
"rca";-1.2341286948856084E-6
"seamlessli";-1.228304022885679E-6
"characterist";-1.2156947123371847E-6
"capacit";-1.1979372034742058E-6
"do";-1.1885869194445259E-6
"softwar";-1.1739792889087913E-6
"wide";-1.1608916429661081E-6
"ram";-1.1443745996861376E-6
"brillianc";-1.142435776459172E-6
"abil";-1.137360612891991E-6
"fidel";-1.133135557911634E-6
"os";-1.1261925372731824E-6
"produc";-1.1187582263918138E-6
"consumpt";-1.1148854711499922E-6
"appl";-1.1055086259793845E-6
"48";-1.103736790686316E-6
"reflect";-1.1033551015522409E-6
"149";-1.1013128651979502E-6
"2gb";-1.0930238515394208E-6
"marshmallow";-1.0855100274491554E-6
"12.3";-1.0855100274491554E-6
"remark";-1.0841178585744812E-6
"befor";-1.0786177056679472E-6
"air";-1.0765621444100426E-6
"2012";-1.0738587210116457E-6
"102";-1.0652848501744444E-6
"employe";-1.0565619802402684E-6
"stock";-1.052300844571561E-6
"base";-1.0432169636346092E-6
"24p";-1.0358814639122027E-6
"been";-1.0252684554262759E-6
"awai";-1.024705073309276E-6
"g";-1.0158497951908568E-6
"gp";-1.0140260370637005E-6
"45";-9.951628732081386E-7
"passiv";-9.799826067788397E-7
"made";-9.73300207703522E-7
"compat";-9.645770576854895E-7
"65x900c";-9.400819372179167E-7
"v3.0";-9.267046789082594E-7
"4.66";-9.244958389525992E-7
"5.4";-8.944546147776622E-7
"held";-8.842843858495458E-7
"ofc";-8.804753301495678E-7
"v2.0";-8.575629007892896E-7
"chipset";-8.010503145666759E-7
"brown";-7.894681138159482E-7
"ntsc";-7.748366456124256E-7
"bronz";-7.746738103109696E-7
"l";-7.654813067616006E-7
"shape";-7.405581953966395E-7
"those";-7.360202814144477E-7
"176";-7.351824571483201E-7
"rose";-7.268229916204123E-7
"3.8";-7.226576194743761E-7
"shine";-6.923179140761945E-7
"62";-6.882498090774944E-7
"like";-6.868566502157836E-7
"load";-6.721790496286507E-7
"zone";-6.561596474624745E-7
"80";-6.496419683158818E-7
"harman";-6.242419134452892E-7
"1136";-5.732642203888638E-7
"onboard";-5.690046128722324E-7
"xs";-5.570147764769051E-7
"must";-5.460422084456462E-7
"0.50";-5.208345879754994E-7
"stylish";-5.168211491086636E-7
"s6";-5.163571058560551E-7
"2.5";-5.143254433518621E-7
"quad";-5.141578290259602E-7
"part";-5.072649424389328E-7
"sm";-5.045742571437029E-7
"stage";-4.998922704391173E-7
"5.8";-4.94517215177126E-7
"65x850c";-4.867261954311086E-7
"prevent";-4.695597980567713E-7
"rug";-4.5904422453382863E-7
"longer";-4.343447625711219E-7
"sgh";-4.310612037872197E-7
"near";-4.292570924403024E-7
"hous";-4.188834279976884E-7
"3264";-4.110843172394629E-7
"2448";-4.110843172394629E-7
"4.3";-4.093270837972373E-7
"9.2";-4.0351590567533346E-7
"deep";-3.9348581118599235E-7
"99.99";-3.928632421352097E-7
"700";-3.913148585305004E-7
"scratch";-3.6846227038645103E-7
"total";-3.3661774945308745E-7
"3.95";-3.2448348727398546E-7
"akg'";-3.2376911844492033E-7
"hd800";-3.0569807963288164E-7
"arrai";-2.8401405898062287E-7
"nor";-2.810884149254795E-7
"vp9";-2.681609331718001E-7
"html5";-2.6705850634297507E-7
"accuraci";-2.665532582293373E-7
"ul";-2.6408635051293136E-7
"panorama";-2.5806873922562534E-7
"lead";-2.5604171900880067E-7
"2988";-2.5134201932230926E-7
"5312";-2.5134201932230926E-7
"k99";-2.339028532511752E-7
"requir";-2.2362909967435984E-7
"mkv";-2.2059539142354947E-7
"mov";-2.2059539142354947E-7
"ts";-2.2059539142354947E-7
"avchd";-2.119393684667627E-7
"65x950b";-1.9690279117688106E-7
"un65ju7100";-1.778038407933054E-7
"802.11b";-1.713122908669762E-7
"cx";-1.629583223430875E-7
"ps";-1.593242672051653E-7
"compar";-1.3533191992573973E-7
"across";-1.3225759885882038E-7
"810";-1.3005801825088925E-7
"21";-1.1862272591902585E-7
"brighter";-1.1793104888052901E-7
"might";-1.130103565203191E-7
"sit";-1.1099943429953175E-7
"poor";-1.0229058109459356E-7
"own";-9.729658651805637E-8
"43uf6400";-8.938081055842595E-8
"grado";-8.047628665200368E-8
"enhanc";-7.435597328825372E-8
"fill";-7.081868024796066E-8
"2.7";-5.182899737513069E-8
"upon";-5.022066411919062E-8
"learn";-4.939211389078684E-8
"recycl";-3.579113536770237E-8
"49uf6400";-3.457971056025633E-8
"aluminum";-3.3403769247181136E-8
"construct";-2.1863506644015374E-8
"megapixel";-1.4967849490225837E-8
"att3";0.0
"me299ll";0.0
"t760";0.0
"polycarbon";0.0
"wallpap";0.0
"10.1";0.0
"un55ju7100f";0.0
"flight";0.0
"wipe";0.0
"wrap";0.0
"6.9";0.0
"x850b";0.0
"76.1";0.0
"focus";0.0
"41.6";0.0
"j5200";0.0
"50.04";0.0
"cmr";0.0
"noisi";0.0
"robust";0.0
"fuel";0.0
"3.00";0.0
"201";0.0
"19000";0.0
"everywher";0.0
"210";0.0
"6350";0.0
"mmcx";0.0
"241";0.0
"msm8227";0.0
"285";0.0
"formabl";0.0
"xbr79x900b";0.0
"wave";0.0
"overview";0.0
"circum";0.0
"artifact";0.0
"37.04";0.0
"tabl";0.0
"lot";0.0
"minimalist";0.0
"xbr70x850b";0.0
"allshar";0.0
"tweeter";0.0
"un40ju6700";0.0
"carefulli";0.0
"7.5";0.0
"7.8";0.0
"march";0.0
"cradl";0.0
"702";0.0
"20.7";0.0
"5mp";0.0
"teflon";0.0
"un65h6350";0.0
"heavier";0.0
"0.29";0.0
"0.45";0.0
"nuanc";0.0
"40mm";0.0
"686g";0.0
"hood";0.0
"summer";0.0
"305";0.0
"330";0.0
"un50eh5300";0.0
"dtv";0.0
"un48ju6400fxza";0.0
"65x800b";0.0
"envelop";0.0
"2.5mm";0.0
"benefit";0.0
"4.37";0.0
"µm";0.0
"everydai";0.0
"supra";0.0
"4.59";0.0
"sever";0.0
"un50j5200afxza";0.0
"52";0.0
"71";0.0
"79";0.0
"excit";0.0
"insul";0.0
"4.95";0.0
"55x850d";0.0
"94";0.0
"97";0.0
"secret";0.0
"fall";0.0
"25.4";0.0
"reward";0.0
"12.8";0.0
"infus";0.0
"8.6";0.0
"sensat";0.0
"pool";0.0
"801";0.0
"contemporari";0.0
"xbr55x850b";0.0
"musician";0.0
"workout";0.0
"8.99";0.0
"samson";0.0
"shelf";0.0
"vob";0.0
"30.3";0.0
"sweat";0.0
"j6300";0.0
"homescreen";0.0
"70x850b";0.0
"anyon";0.0
"410";0.0
"movement";0.0
"trumot";0.0
"40lf6300";0.0
"7420";0.0
"148.9";0.0
"maintain";0.0
"gram";0.0
"hd595";0.0
"un60ju7100fxza";0.0
"5.43";0.0
"5.47";0.0
"avc";0.0
"hd555";0.0
"5.65";0.0
"epic";0.0
"consid";0.0
"freedom";0.0
"beautifulli";0.0
"weigh";0.0
"connectshar";0.0
"sch";0.0
"transient";0.0
"1360";0.0
"es";0.0
"31.5";0.0
"5.3";0.0
"legendari";0.0
"tde3253b";0.0
"j6200";0.0
"y50";0.0
"ge";0.0
"521";0.0
"530";0.0
"un40eh5300";0.0
"555";0.0
"sph";0.0
"pretti";0.0
"101";0.0
"107";0.0
"109";0.0
"2.78";0.0
"595";0.0
"114";0.0
"512mb";0.0
"2.98";0.0
"disturb";0.0
"aqua";0.0
"165";0.0
"flush";0.0
"6.08";0.0
"vibrat";0.0
"revolutionari";0.0
"opportun";0.0
"leav";0.0
"se315cl";0.0
"drum";0.0
"xbr55x850d";0.0
"ground";0.0
"un55hu6840";0.0
"scale";0.0
"said";0.0
"realli";0.0
"backlit";9.236025180769936E-9
"icloud";1.4503786232998011E-8
"red";1.6517971768159612E-8
"29.9";2.4032773191656753E-8
"assur";2.4032773191656753E-8
"upgrad";4.0115615977491526E-8
"lens";4.231298477246873E-8
"imag";4.9581270134685385E-8
"65";5.1062944521167164E-8
"se846";8.291730221329048E-8
"baromet";8.331249732283774E-8
"test";8.341915147178341E-8
"43";8.53199268145699E-8
"purpos";1.026751574331687E-7
"fold";1.1029545608776115E-7
"ocx";1.1938737501382413E-7
"xbr65x900c";1.2314001907650501E-7
"len";1.2353279027228076E-7
"style";1.251985111434123E-7
"outdoor";1.51408730939169E-7
"frequenc";1.5830402351479922E-7
"blk";1.6877946795525608E-7
"airi";1.925062276656654E-7
"spaciou";1.925062276656654E-7
"walk";1.926965268010672E-7
"8.4";1.9556131572668126E-7
"captiv";2.125982489771354E-7
"8.0mp";2.14171168043557E-7
"3x";2.1734287689815363E-7
"optim";2.2220705943494512E-7
"desktop";2.2376323357414796E-7
"discov";2.2396210685440496E-7
"touchscreen";2.3161251190041698E-7
"gestur";2.430244010452205E-7
"amaz";2.471296479504559E-7
"26";2.5237469823398504E-7
"qhd";2.619537594901033E-7
"function";2.7153001533331E-7
"compromis";2.722472658659429E-7
"glossi";2.886832650144267E-7
"nexu";3.153953256531533E-7
"easiest";3.1889071305801764E-7
"memori";3.251585120435732E-7
"maxim";3.332554450214027E-7
"microsoft";3.498522149029959E-7
"a6";3.653629616175223E-7
"earpad";3.807308920269342E-7
"33.7";3.8925053492261386E-7
"650";4.2095516588486204E-7
"simpli";4.5189119249767346E-7
"lock";4.544802959659689E-7
"magic";4.6186466633765626E-7
"nativ";4.622261181100318E-7
"mid";4.685937208167288E-7
"moment";4.6883742193127437E-7
"fulli";4.7431563695264634E-7
"talktim";4.905414020678345E-7
"nvidia";4.910144123005961E-7
"health";5.266877141558198E-7
"sennheiser’";5.351362164371311E-7
"front";5.359637267419309E-7
"adjust";5.448743105908316E-7
"document";5.557888413019151E-7
"y";5.600036335457565E-7
"xbr49x830c";5.618800242163102E-7
"53";5.692803194177553E-7
"flex";5.727912459826956E-7
"real";5.745364288524402E-7
"cinema";5.952915578932155E-7
"rs";6.090685159830826E-7
"0.2";6.100691442422618E-7
"proprietari";6.115343679918839E-7
"1280";6.160002868696446E-7
"2x";6.164780519215575E-7
"480";6.206215834506762E-7
"ft";6.323262891818476E-7
"separ";6.426723507752322E-7
"class";6.450750018949583E-7
"enabl";6.962748195765006E-7
"layer";6.971631601264926E-7
"notic";7.038325048258284E-7
"mhz";7.238835532780673E-7
"white";7.360955277630962E-7
"160";7.487070288410324E-7
"7.6";7.550348439477298E-7
"ant";7.73557307648734E-7
"33.1";8.245382260643752E-7
"fullhd";8.314770443191601E-7
"truli";8.334667535615792E-7
"transport";8.350148257660773E-7
"msm8994";8.363758969092178E-7
"6.07";8.555693955455967E-7
"un55ju6500";8.67237494504928E-7
"sonic";8.677818236461779E-7
"128gb";8.707276865117797E-7
"750";8.937177567863719E-7
"1334";8.937177567863719E-7
"up";9.071740882369596E-7
"invent";9.254781154786136E-7
"pristin";9.317586757696364E-7
"snap";9.470733214889115E-7
"save";9.59654698201931E-7
"element";9.779200177577079E-7
"90";9.781123688455684E-7
"8.1";9.864763443404034E-7
"slider";1.0027756306264705E-6
"paus";1.0027756306264705E-6
"next";1.0094413251636458E-6
"25";1.0188184289602192E-6
"fabric";1.0191420833603748E-6
"minim";1.027663521979222E-6
"6.3";1.0426489449669174E-6
"glass";1.0670839003809954E-6
"30fp";1.0750003518605888E-6
"certifi";1.1197579453968215E-6
"27";1.145844756264211E-6
"deliv";1.1490063445626642E-6
"waterproof";1.1802296939229785E-6
"bright";1.1947999575892543E-6
"reproduct";1.2001413372199517E-6
"g925f";1.2011001521566866E-6
"wonder";1.203249530190387E-6
"smoothli";1.203249530190387E-6
"never";1.2302099905018146E-6
"refresh";1.2308407158403284E-6
"loud";1.2330738453827505E-6
"635";1.2814960922424845E-6
"veri";1.3008128136940411E-6
"55x800b";1.3042136574188208E-6
"686";1.3091055606237023E-6
"again";1.3250001081425988E-6
"4.7";1.3267043686426838E-6
"combin";1.3290438152507918E-6
"steadi";1.3299736607817747E-6
"fingertip";1.3463942781952946E-6
"infrar";1.3470412030886035E-6
"hifi";1.3537833228119411E-6
"sens";1.3598711626658065E-6
"distort";1.3635455872046398E-6
"primari";1.3671695557730158E-6
"technolog";1.406197241415278E-6
"wall";1.4106313118407779E-6
"cinemat";1.4353481013254092E-6
"bluetooth";1.4501559219750465E-6
"lit";1.4790872935564747E-6
"mali";1.4804482263257313E-6
"250";1.4837257068153731E-6
"atsc";1.4931020122892213E-6
"wear";1.4931375184393247E-6
"drop";1.505324094654766E-6
"glare";1.5113117923819676E-6
"reveal";1.5113117923819676E-6
"signific";1.5163492176753295E-6
"k";1.522993704901679E-6
"cpu";1.5302309647960291E-6
"abl";1.5406647219644992E-6
"slate";1.5426367212685306E-6
"amol";1.5443473722447087E-6
"22.4";1.5563741766047362E-6
"ju6700";1.5699838831469825E-6
"54.6";1.5726221602660462E-6
"read";1.5746965975624652E-6
"thought";1.5860853323152645E-6
"plu";1.588551460734132E-6
"bravia";1.5947049685927778E-6
"tm1260c";1.6133730891167192E-6
"1810";1.6527982631756033E-6
"sourc";1.6600547444248215E-6
"capabl";1.6725057596774992E-6
"32gb";1.6774255671599125E-6
"808";1.6836808958333588E-6
"earcup";1.7012156338266467E-6
"exist";1.7096679829174536E-6
"0.27";1.7183289787447986E-6
"worri";1.7345455268144572E-6
"dust";1.735078145118275E-6
"greater";1.7356279551142273E-6
"grip";1.74853697229322E-6
"dbv";1.793730540640393E-6
"8.5";1.794767761552742E-6
"64gb";1.8007612077788199E-6
"1366";1.8041078302666325E-6
"angl";1.8162641577286476E-6
"precis";1.817464359730233E-6
"maximum";1.8184805544822769E-6
"x800b";1.8444525491090076E-6
"absolut";1.849681950299401E-6
"ecosystem";1.8540901187524896E-6
"absorb";1.8667174292210644E-6
"0.31";1.9052058403344749E-6
"1.9ghz";1.9052058403344749E-6
"64";1.9103941439179567E-6
"220";1.91498241913252E-6
"edg";1.9358225821939842E-6
"h1511";1.9376283796612714E-6
"120hz";1.9450580036883824E-6
"42.5";1.979824051069883E-6
"54";1.981050053460366E-6
"self";1.986158235160046E-6
"subwoof";1.99561872726377E-6
"multitouch";1.996098355364095E-6
"true";2.0019704401151583E-6
"minimum";2.0104747856788605E-6
"tip";2.011485391105461E-6
"rotat";2.0295360666941985E-6
"s720e";2.0529238008749895E-6
"acoust";2.0682049102459243E-6
"android";2.0726279164732554E-6
"6.1";2.0788197345579865E-6
"light";2.0881233819443346E-6
"k701";2.1074244083813672E-6
"silver";2.1155420296976174E-6
"mute";2.118704402146376E-6
"k171";2.1210350669743916E-6
"rai";2.1586253338579803E-6
"blu";2.1586253338579803E-6
"enclosur";2.234212923891022E-6
"semi";2.241964353590087E-6
"tight";2.250021050118786E-6
"rich";2.2594173514127133E-6
"kei";2.261812282471819E-6
"playback";2.2700483203012822E-6
"green";2.2847200518202188E-6
"textur";2.294453216759385E-6
"dozen";2.3021966497096745E-6
"dimens";2.307874744230179E-6
"hardwar";2.327471664453906E-6
"se425";2.3457201563936714E-6
"pad";2.348101543774364E-6
"tap";2.3568533815498222E-6
"galleri";2.3609387153374745E-6
"22";2.374152909778021E-6
"blog";2.385598859625775E-6
"4gb";2.4173515446312965E-6
"contain";2.4197405839483654E-6
"264";2.425737567691294E-6
"contrast";2.433298807129683E-6
"access";2.451689702046879E-6
"unlik";2.4536140469963268E-6
"kwh";2.4566912590466345E-6
"too";2.4652417859394662E-6
"dramat";2.4775037227586783E-6
"turn";2.48535042339168E-6
"intens";2.4859554247489606E-6
"acceler";2.5017259889607394E-6
"43x830c";2.508918687221806E-6
"guidelin";2.5525559469854203E-6
"2600";2.5630130064818735E-6
"futur";2.5712163260653234E-6
"listen";2.5744324398113694E-6
"proof";2.5947488461061327E-6
"octa";2.598973207808969E-6
"pin";2.607471454570652E-6
"dim";2.636665981492481E-6
"almost";2.6447902186731544E-6
"further";2.662422485644189E-6
"packag";2.668478924938711E-6
"varimot";2.6807780355853073E-6
"cortex";2.699394827138102E-6
"4.55";2.70135930486865E-6
"fastest";2.708245221599437E-6
"boast";2.7291173350756093E-6
"tripl";2.7348824095663193E-6
"4.1";2.7383538849299997E-6
"featur";2.7448736311095658E-6
"singl";2.7579302682104873E-6
"payment";2.767695862786754E-6
"medium";2.77063922809323E-6
"hsdpa";2.770783865905374E-6
"lollipop";2.787219024982801E-6
"18.5";2.7886525316108725E-6
"divx";2.7894666404584822E-6
"sennheiser'";2.7945410630419998E-6
"9";2.798496100192647E-6
"pouch";2.80536273734866E-6
"chang";2.843605826785209E-6
"consum";2.8780711511045345E-6
"love";2.8904370365019394E-6
"codec";2.9171110826812065E-6
"smooth";2.948621711185151E-6
"apertur";2.9793234246179925E-6
"pair";2.9851761574745117E-6
"alwai";2.9891964530733266E-6
"architectur";2.9999512574270526E-6
"800";3.0003279246036685E-6
"low";3.0026611088761895E-6
"didn't";3.0064139162725182E-6
"se315";3.0066665039386875E-6
"fast";3.019497370363583E-6
"vocal";3.049291405353126E-6
"program";3.053307032055419E-6
"ibook";3.0750434655705053E-6
"along";3.075810911771495E-6
"close";3.085943832054072E-6
"cabl";3.0902499728569476E-6
"deeper";3.108319843254622E-6
"225";3.113572628724666E-6
"signal";3.1209926072679837E-6
"seamless";3.1384381445412335E-6
"eco";3.1421859862960574E-6
"height";3.159106104843961E-6
"37";3.159915967053252E-6
"mobil";3.1784219400141263E-6
"1.5";3.1877026362720634E-6
"kitkat";3.2022818405345125E-6
"rev";3.2066870674925987E-6
"larger";3.2079193396233885E-6
"pack";3.2125781287599654E-6
"differ";3.2420352187405017E-6
"rang";3.2644086675106404E-6
"32.5";3.2691850064102198E-6
"headset";3.2956770040191985E-6
"0.1";3.309099724319031E-6
"v";3.3184491861539683E-6
"unabl";3.3295313634653214E-6
"share";3.331789145563646E-6
"known";3.3451041372553267E-6
"width";3.3568534190049387E-6
"jp";3.371543522417454E-6
"engag";3.3863512985173733E-6
"a7";3.3909379226412795E-6
"plug";3.401246070822237E-6
"pink";3.419123204288408E-6
"cancel";3.444410825318659E-6
"america";3.4514565817732884E-6
"xbr65x850c";3.4748457415842426E-6
"authent";3.4776864902577543E-6
"emerald";3.4784289387865728E-6
"you’ll";3.4929586374835898E-6
"logo";3.503251027137089E-6
"repres";3.506525899492699E-6
"help";3.5084090481067413E-6
"armatur";3.5241817034978177E-6
"caption";3.5482523229419735E-6
"2.3";3.5582679359783854E-6
"depend";3.5645633202059743E-6
"cut";3.578690837434837E-6
"plastic";3.579417205830729E-6
"form";3.5979407824977892E-6
"crisp";3.5985832954855767E-6
"name";3.6389213058725563E-6
"8.9";3.6596323652937418E-6
"31.9";3.6702059799397803E-6
"render";3.6845391951749462E-6
"overal";3.6854549816421676E-6
"certif";3.696666458397448E-6
"sd";3.723883325801791E-6
"effect";3.7458007325787525E-6
"39";3.7871110593018335E-6
"version";3.846198415455998E-6
"interest";3.852393697840431E-6
"hold";3.868187315186336E-6
"exactli";3.8961679733624105E-6
"mo";3.969470200534259E-6
"keyboard";4.010563459192713E-6
"global";4.026911416835088E-6
"present";4.027566509020203E-6
"8mp";4.030435851558323E-6
"lf6300";4.069951420767465E-6
"behind";4.0747032786726724E-6
"carri";4.085838115919574E-6
"prepar";4.0985185032681415E-6
"un50ju7100";4.101403148840978E-6
"lifelik";4.125484735356677E-6
"easi";4.127126488978616E-6
"action";4.132476104286648E-6
"profil";4.167058646507155E-6
"onlin";4.19636437255963E-6
"project";4.214767972630778E-6
"5s";4.2765570311652235E-6
"convert";4.309601873113498E-6
"want";4.3188750495750175E-6
"typic";4.3217369332710655E-6
"mw";4.324595609847895E-6
"statu";4.330710274349733E-6
"down";4.339704495366788E-6
"1.4";4.35036748832468E-6
"v5.0.2";4.351053688079684E-6
"3450";4.358213877397876E-6
"h";4.380506343279814E-6
"wherev";4.391724080870748E-6
"below";4.416889736569038E-6
"ideal";4.426806550685697E-6
"braid";4.442353751180593E-6
"dt";4.468030242028159E-6
"physic";4.537085647470657E-6
"65x930c";4.561905141343969E-6
"portrait";4.573112289653858E-6
"charger";4.576284508608951E-6
"cell";4.582889593481715E-6
"s4";4.601316121888993E-6
"ion";4.649191561014246E-6
"place";4.658513759580284E-6
"refer";4.680522428085129E-6
"announc";4.680844762683771E-6
"thing";4.6903554779681444E-6
"organ";4.731539099995662E-6
"new";4.739242788653897E-6
"process";4.759881667228821E-6
"earbud";4.805543637114579E-6
"sharp";4.807555521911522E-6
"64.5";4.809848117589763E-6
"copper";4.8213010252790445E-6
"live";4.830174062398981E-6
"ear";4.920449834444705E-6
"stereo";4.9327414096398715E-6
"isn't";4.944658642588168E-6
"you'v";4.9472744048581485E-6
"dj";4.9492654880002596E-6
"depth";4.961510048954524E-6
"pleas";4.969824896059946E-6
"mb";4.988453970118482E-6
"attain";5.000800575326896E-6
"got";5.034449474989027E-6
"701";5.070227551308977E-6
"timer";5.073225284923932E-6
"gym";5.076899250625695E-6
"fp";5.094153550941685E-6
"each";5.098474738998585E-6
"crack";5.102462191580899E-6
"dynam";5.1231690527684184E-6
"stai";5.130884566651589E-6
"flat";5.1689822622297266E-6
"8gb";5.174543686651406E-6
"yet";5.183307747336913E-6
"onc";5.19275417866593E-6
"helicopt";5.196666208575125E-6
"windshield";5.196666208575125E-6
"mpeg";5.199224646439907E-6
"snapdragon";5.203227074276548E-6
"6.28";5.208355626864686E-6
"millimet";5.218511115875023E-6
"6.35";5.231213637995835E-6
"13.3";5.2531667018816675E-6
"sensor";5.286788106766659E-6
"frost";5.288557236988317E-6
"60p";5.290285663294152E-6
"file";5.307251487625397E-6
"unbrand";5.307493131165644E-6
"panel";5.32008275891914E-6
"hd";5.3714590562609944E-6
"720";5.375502691807639E-6
"gold";5.422375149115484E-6
"2.1";5.499523016518071E-6
"vehicl";5.509144636820645E-6
"left";5.515476306883465E-6
"4s";5.568194586368785E-6
"hotspot";5.58135294537914E-6
"have";5.603064024739361E-6
"leather";5.622347632679853E-6
"cream";5.623998489180724E-6
"through";5.63581062787858E-6
"step";5.655907675559957E-6
"stun";5.658329917158013E-6
"0.3";5.671630637811564E-6
"faster";5.756472813620711E-6
"protect";5.8161143119944E-6
"had";5.860271142579744E-6
"640";5.863911877620337E-6
"platform";5.893818444769762E-6
"team";5.900929638672989E-6
"solid";5.911547716581521E-6
"hevc";5.930385600421075E-6
"mbp";5.93738441250196E-6
"facetim";5.968880065959636E-6
"se535";5.982942507140555E-6
"command";5.985690649586151E-6
"though";6.024129857843232E-6
"easili";6.03195049685536E-6
"weather";6.040277203928475E-6
"2000";6.041833487777093E-6
"reinforc";6.057513186268396E-6
"materi";6.074984126363555E-6
"ju6500";6.087391859756067E-6
"amount";6.087391859756067E-6
"extrem";6.097414624377413E-6
"app";6.111993769527223E-6
"entir";6.181862396360122E-6
"europ";6.18905663525629E-6
"m8";6.194107940237642E-6
"much";6.215532851993141E-6
"click";6.282103010260835E-6
"immers";6.298790329217936E-6
"portabl";6.301354023805286E-6
"spec";6.365131061629795E-6
"curv";6.378044989574158E-6
"famili";6.3967404061188865E-6
"lag";6.4425827043370334E-6
"cd";6.502413680192776E-6
"cup";6.538103115277111E-6
"harmon";6.545517832853148E-6
"eas";6.593387319762142E-6
"run";6.703788528484959E-6
"5.59";6.706884054304141E-6
"48.5";6.7449990544185545E-6
"dc";6.7463906453790745E-6
"feel";6.749965035357519E-6
"mountabl";6.773751592301807E-6
"safe";6.7855733585798356E-6
"900";6.814764990674058E-6
"they'r";6.816174845850509E-6
"transduc";6.817856627008151E-6
"504631";6.834534046553928E-6
"65eg9600";6.8348553594957395E-6
"link";6.857764810471768E-6
"28.3";6.860771949633582E-6
"expect";6.918639704662848E-6
"univers";6.94352267491434E-6
"lte";6.960318298762647E-6
"three";6.973540268862826E-6
"you'r";6.997466977885086E-6
"t";7.039149403815191E-6
"28.2";7.040725267241921E-6
"sr60e";7.1017502284928535E-6
"skip";7.107714471307758E-6
"ensur";7.108611153591737E-6
"smile";7.115519081641632E-6
"49x830c";7.125395612622709E-6
"multimedia";7.1468188691825064E-6
"gyroscop";7.234126988413334E-6
"eras";7.24487469724866E-6
"38";7.26810976356255E-6
"pioneer";7.367041361986413E-6
"non";7.390843454631139E-6
"16mp";7.456419810509358E-6
"3.3";7.536025696697202E-6
"monitor";7.619365339208914E-6
"connector";7.642606695903997E-6
"sennheis";7.646498852987606E-6
"so";7.658252064086414E-6
"composit";7.682228815201336E-6
"tuner";7.74111979109926E-6
"hub";7.803432230772678E-6
"6.0";7.80455776740657E-6
"retina";7.814792795711109E-6
"ip";7.883854275584495E-6
"widest";7.917090364349486E-6
"superb";7.917599214051396E-6
"local";7.918228288760279E-6
"1.8";7.956630830942482E-6
"hdr";7.97631754689311E-6
"gunmet";8.072284001389707E-6
"velour";8.080992531733636E-6
"se215";8.117275922037148E-6
"microusb";8.204899481271087E-6
"show";8.206077872242694E-6
"complet";8.256656650741862E-6
"3d";8.299247159055181E-6
"sai";8.317321917615701E-6
"afford";8.325532024667496E-6
"nearli";8.333601607982035E-6
"express";8.33636562073449E-6
"tune";8.347523588953356E-6
"thinnest";8.355608030213212E-6
"go";8.429090690962454E-6
"night";8.450024761632105E-6
"yd102";8.455226722794984E-6
"pass";8.468159733323093E-6
"300";8.497461465986622E-6
"0.4";8.539849490173037E-6
"note";8.553461905024332E-6
"gpx";8.644099992429627E-6
"pandora";8.645764971408317E-6
"channel";8.730511845442962E-6
"xbr55x850c";8.81543205543539E-6
"lg";8.825235999352504E-6
"net";8.91365950223398E-6
"120";8.938502013579146E-6
"canal";8.941630958589353E-6
"charcoal";9.005020806519132E-6
"we'll";9.044616788576908E-6
"lumia";9.132657677697262E-6
"nice";9.134046569133204E-6
"stream";9.150755388804763E-6
"grade";9.206137087729833E-6
"edit";9.224117178565847E-6
"processor";9.332856967757958E-6
"other";9.383239566361501E-6
"1420";9.406330836228724E-6
"suhd";9.423433161058882E-6
"reflector";9.42876012809471E-6
"gone";9.449176322260202E-6
"theater";9.462763801924878E-6
"look";9.49970222459233E-6
"rmt";9.519703298755539E-6
"favorit";9.537327844142025E-6
"predict";9.57131216565996E-6
"expens";9.571536855512187E-6
"4.9";9.589665145692816E-6
"mount";9.589850568842687E-6
"vga";9.592309170707372E-6
"done";9.624779544678552E-6
"neodymium";9.652814604865084E-6
"view";9.653976565490892E-6
"genuin";9.658174087687904E-6
"microsd";9.658593203945608E-6
"bigger";9.661206167327352E-6
"ha";9.669096175808547E-6
"0.37";9.684162016319886E-6
"highli";9.684654944226712E-6
"4.5";9.69615539520019E-6
"mix";9.775931893787893E-6
"assist";9.789498977529065E-6
"dlna";9.818177188810479E-6
"addit";9.827662393945696E-6
"105";9.869196797608615E-6
"via";9.914653177970452E-6
"2.74";9.932695975725658E-6
"soft";9.952543488477017E-6
"326";9.9655387563515E-6
"sun";9.968342304032514E-6
"umt";1.0045411661004848E-5
"holidai";1.0176622480154098E-5
"hspa";1.0184031715898106E-5
"mah";1.0232209674064345E-5
"cl";1.0294767789235937E-5
"zoom";1.0327279754523879E-5
"space";1.0330442074296675E-5
"gb";1.037170996199318E-5
"invit";1.0384537226418408E-5
"breathtak";1.0400550466159453E-5
"descript";1.0408947272918972E-5
"school";1.0452682546639312E-5
"16gb";1.0649454455487727E-5
"everi";1.068539930050745E-5
"isight";1.0688708409863773E-5
"nano";1.0707706795271173E-5
"m9";1.0720762092977787E-5
"sensit";1.0755155036581976E-5
"move";1.0832477248359437E-5
"standbi";1.0846606553277342E-5
"intellig";1.0871275554941086E-5
"50";1.090553719403E-5
"track";1.0981369287977119E-5
"input";1.1031911055345636E-5
"peopl";1.1033040490442082E-5
"dolbi";1.1051421391951918E-5
"who";1.1081361990437191E-5
"innov";1.108875171746673E-5
"world";1.1092369747366278E-5
"download";1.1153820508089333E-5
"ohm";1.1209132714162448E-5
"hdtv";1.1219219836587982E-5
"hello";1.124577429491725E-5
"anywher";1.1261536911062308E-5
"jpeg";1.1297126600258194E-5
"web";1.1336558092235641E-5
"lower";1.1443198194288975E-5
"3m";1.15095639496405E-5
"playstat";1.1747222956307382E-5
"vision";1.1867783641072646E-5
"multipl";1.1869101973819435E-5
"enough";1.1942605248261044E-5
"solut";1.195813333381042E-5
"focu";1.1962820491876608E-5
"hsupa";1.2084400032817366E-5
"upscal";1.2085098620478324E-5
"40";1.2086194650417006E-5
"a8";1.215717113704079E-5
"start";1.2181498099623765E-5
"data";1.2193265462655083E-5
"most";1.2270687947846248E-5
"you'll";1.227438533568854E-5
"offer";1.232273579823218E-5
"paid";1.233398412345282E-5
"69";1.2364616297057555E-5
"240";1.2368528863547154E-5
"digit";1.2446927461622851E-5
"offic";1.2464805728826108E-5
"orient";1.2472749171149682E-5
"verizon";1.2475818482346641E-5
"geo";1.2484822502345852E-5
"802.11";1.2508108683571308E-5
"5.5";1.2520813001983683E-5
"handl";1.2550155695579754E-5
"it";1.2654189013252062E-5
"a5";1.2679238974896978E-5
"voic";1.2680910405777832E-5
"two";1.2707381577374555E-5
"30";1.273306157122036E-5
"bud";1.2834062240123326E-5
"search";1.2855520352336725E-5
"convent";1.2856816892458517E-5
"correct";1.2873466377469884E-5
"home";1.2902642906312354E-5
"pc";1.2903314664474905E-5
"spanish";1.2915328317878588E-5
"metal";1.2924381308224674E-5
"ol";1.2938808500714827E-5
"charg";1.299462121881023E-5
"matter";1.302999589034373E-5
"accur";1.3097476912611941E-5
"realiti";1.3148049420498228E-5
"relat";1.3250174381458597E-5
"advantag";1.3282274323505629E-5
"filter";1.3395589722822038E-5
"main";1.3398491274521467E-5
"acceleromet";1.3474064555742127E-5
"work";1.3477153765669922E-5
"util";1.3579583452989373E-5
"profession";1.3668163502501135E-5
"coupl";1.37291832082026E-5
"video";1.3735039701724943E-5
"free";1.3846225896635683E-5
"pai";1.3949430668213844E-5
"virtual";1.3982939549819079E-5
"onli";1.4081940363595141E-5
"add";1.4168922942713497E-5
"rate";1.41765818270005E-5
"flash";1.4387076569494922E-5
"possibl";1.4429568617375238E-5
"citi";1.4642500432360738E-5
"text";1.4665849044841238E-5
"gener";1.4694783861407415E-5
"5.1";1.4742551638099663E-5
"3g";1.4840321602467219E-5
"session";1.4868889645974531E-5
"demo";1.488297040644522E-5
"balanc";1.4898791361454833E-5
"hear";1.5146351144546336E-5
"ghz";1.5164649407655925E-5
"z";1.516740759906073E-5
"fine";1.5196688543939185E-5
"experi";1.5281980693748233E-5
"end";1.5379262161507173E-5
"internet";1.5680682299152628E-5
"easier";1.5822060940674787E-5
"menu";1.5848503563582923E-5
"origin";1.5880753217652546E-5
"extens";1.5988212200748113E-5
"art";1.6177817509097992E-5
"rf";1.6283478861435496E-5
"s";1.6328077482289814E-5
"vibrant";1.6479794479818538E-5
"mm";1.668819322661174E-5
"transmit";1.672928141984928E-5
"extra";1.6769510163928275E-5
"bui";1.6840879986558185E-5
"soni";1.690100670306751E-5
"energi";1.695049376652028E-5
"f";1.701432098589876E-5
"thin";1.7038939373678272E-5
"high";1.7065504972745178E-5
"safari";1.719785835809114E-5
"huawei";1.7222072150591822E-5
"hybrid";1.7223532576240237E-5
"xr";1.7451836336050686E-5
"slide";1.7522788828476537E-5
"unlock";1.7698799100044835E-5
"hz";1.7835221499316184E-5
"hand";1.7847386909538784E-5
"month";1.791232450780965E-5
"galaxi";1.7943208129371675E-5
"micro";1.8037947733670558E-5
"dai";1.8385134328832882E-5
"24";1.8438266330826278E-5
"microphon";1.8611101376374284E-5
"2560";1.8733373606198006E-5
"attach";1.875662371807752E-5
"model";1.879370025740807E-5
"design";1.881345522793121E-5
"smart";1.8859261995050197E-5
"director";1.8864911410365582E-5
"switch";1.9155597667051133E-5
"system";1.9185453211098547E-5
"id";1.919325131853611E-5
"appli";1.9381683882847606E-5
"e";1.9383150549522055E-5
"480p";1.9597521024088127E-5
"mirror";1.9629256488972996E-5
"highest";1.9688329806522714E-5
"178";1.9762478991316654E-5
"transfer";1.9910725174018644E-5
"blur";2.0142814970316937E-5
"realism";2.0142814970316937E-5
"relax";2.0142814970316937E-5
"lb";2.015013126453139E-5
"mean";2.016304622096468E-5
"adapt";2.039254457975384E-5
"life";2.0422433183482983E-5
"between";2.047843177366976E-5
"7";2.0563120773334394E-5
"peripher";2.085104859265649E-5
"simplifi";2.10768479677986E-5
"convers";2.1103698005168413E-5
"graphit";2.1341417910054894E-5
"0.38";2.1371060579269963E-5
"increas";2.1423032172689874E-5
"servic";2.1672950854631067E-5
"gear";2.181297619529253E-5
"need";2.1869687538440335E-5
"io";2.2159385507465254E-5
"samsung";2.2228508404475208E-5
"it’";2.222874071614034E-5
"shoot";2.288955742637145E-5
"put";2.3006986204047574E-5
"togeth";2.3104156976087864E-5
"color";2.3218058964720456E-5
"better";2.3302883889750672E-5
"power";2.3395960437632476E-5
"263";2.3546024532779773E-5
"platinum";2.4140755779243628E-5
"can";2.4209281422368778E-5
"small";2.5259097527387774E-5
"doe";2.5420685692797637E-5
"underwat";2.5734451239458662E-5
"well";2.586897934160465E-5
"10";2.6028603045077838E-5
"face";2.6112820322687393E-5
"imageri";2.61710177158472E-5
"transpar";2.6311460853026963E-5
"here";2.6688467688479496E-5
"enter";2.6750224103143025E-5
"site";2.6823413455947902E-5
"d";2.714557961217695E-5
"send";2.7300113111296438E-5
"seri";2.746491277765689E-5
"15";2.7484711944723156E-5
"jelli";2.787043789043847E-5
"from";2.788031337135218E-5
"period";2.8159755832023528E-5
"electron";2.816198038721896E-5
"than";2.8242400596535048E-5
"demand";2.8590395143898717E-5
"method";2.867219782989698E-5
"all";2.9022068490075015E-5
"happen";2.924013217423416E-5
"ivori";2.9528573872710656E-5
"capac";2.959848792606981E-5
"exclus";3.0039488221735543E-5
"facebook";3.11636408944823E-5
"chrome";3.1193553513213235E-5
"approv";3.14886413361002E-5
"individu";3.17092586739013E-5
"clear";3.1801200924606084E-5
"weight";3.18685961386506E-5
"english";3.2360222996979764E-5
"also";3.2828028343430404E-5
"entertain";3.287143982851808E-5
"straight";3.2937256193254355E-5
"batteri";3.304540439946898E-5
"200";3.308854636082867E-5
"past";3.3219977439940965E-5
"flexibl";3.351662398057634E-5
"112";3.396756678516327E-5
"keep";3.4374811424327245E-5
"find";3.479882467634105E-5
"window";3.528725486784401E-5
"2";3.618646155276379E-5
"2840";3.646833648425496E-5
"see";3.950226100641642E-5
"our";3.965046360082398E-5
"would";4.007676605941035E-5
"person";4.0150274468585094E-5
"becom";4.050299965443105E-5
"100";4.079236346462081E-5
"1920";4.107350857579517E-5
"rd";4.130050078489512E-5
"plai";4.145295704131337E-5
"on";4.1508022770184606E-5
"1024";4.218350448277619E-5
"make";4.23566279687238E-5
"akg";4.29527049028728E-5
"page";4.4637099786078204E-5
"axi";4.518167700758263E-5
"dock";4.545543953758072E-5
"electr";4.7243718268412394E-5
"screen";4.7449048164692476E-5
"audio";4.9185689667795296E-5
"room";4.998020385358617E-5
"premium";5.0383153601065225E-5
"over";5.067351857392186E-5
"record";5.095995052309572E-5
"which";5.2947195606231536E-5
"equal";5.330133463959767E-5
"2.0";5.4198495533334945E-5
"ac3";5.468823871768169E-5
"card";5.4833580055360306E-5
"ipod";5.500278011700936E-5
"secondari";5.5608249168719905E-5
"log";5.8916946818858725E-5
"librari";5.968524225761861E-5
"5";5.970236178967246E-5
"game";6.145778567121646E-5
"secur";6.226465910730197E-5
"tabletop";6.301755671728887E-5
"2160p";6.417782888985335E-5
"messag";6.599372641908751E-5
"map";6.776843312551826E-5
"viewer";6.865153456938689E-5
"hard";7.201331079281868E-5
"hi";7.280196079349679E-5
"landscap";7.505527479761617E-5
"itun";8.478538349800113E-5
"watch";9.407209219007605E-5
"ey";9.42458109751609E-5
"soccer";9.483218706211622E-5
"tell";9.847565211319222E-5
"resolut";9.878247171745042E-5
"port";1.0303233818410341E-4
"train";1.088824286248416E-4
"collect";1.1551729849497601E-4
"wi";1.2789472970381813E-4
"850";1.3005708912012387E-4
"schedul";1.4238242361234998E-4
"wav";1.5992771826861324E-4
"led";2.1926880999591138E-4
"you";2.474823676469471E-4
"imagin";2.624182357301684E-4
"js7000";4.5576632790170267E-4
"approach";5.69315915972422E-4
"revers";5.69315915972422E-4
"sacrif";5.69315915972422E-4
"smaller";5.69315915972422E-4
"imposs";5.69315915972422E-4
"envis";5.69315915972422E-4
"lightest";5.69315915972422E-4
"answer";6.217291649606681E-4
"1.3";7.185232316583948E-4
"32.8";9.553056477742752E-4
"31.1";9.553056477742752E-4
"un60js7000";9.553056477742752E-4
"14.5";9.553056477742752E-4
"uncompromis";0.0010407048769354244
"wealth";0.0010407048769354244
"multifunct";0.0010407048769354244
"tunnel";0.0010407048769354244
"2.9";0.001108890569830433
"1.9";0.001108890569830433
"hdtv1";0.001384267698454273
"840";0.001384267698454273
"080";0.001384267698454273
"7.7";0.0013847720421287222
"21.1";0.0013847720421287222
"23.3";0.0013847720421287222
"ulp";0.0013879856795536026
"tegra";0.0013879856795536026
"lcd2";0.0013879856795536026
"8.3";0.0015906251795022239
"363d";0.0018003773502124718
"gamer";0.0018003773502124718
"arm";0.0018003773502124718
"boom";0.0018003773502124718
"4gw";0.0018681787661184144
"bp";0.0018681787661184144
"crisper";0.0019421684778005294
"itself";0.0019421684778005294
"honestli";0.0019421684778005294
"2840mah";0.001944324116697008
"versatil";0.0020702605571366784
"bleed";0.0020702605571366784
"260";0.0020756616134945875
"39500";0.0020756616134945875
"9.3";0.002614197004878002
"34.8";0.0037340868740159973
"4.27";0.00414856201356415
"q460";0.00414918761140714
"xbr65x950b";0.0041516653033589306
"airdrop";0.004152063460722595
"md276ll";0.004152301415271231
"shimmeri";0.004152554025555634
"wireform";0.004152613449833213
"md636ll";0.00415263739167313
"00027242887824";0.004156326345952011
"un50js7000";0.004156335576594294
"4.72";0.004156932587983313
"2.52";0.004156932587983313
"2.1ghz";0.004157870254833329
"concert";0.0045961506748082165
"558";0.005861541742859744
"tde1982b";0.0058718245895399875
"un48ju6400";0.005879739201623573
"1080i";0.0069716202278124455
"un60js7000fxza";0.007190276265572275
"member";0.007195333819744134
"9969";0.00827123644999762
"69.7";0.008277581425004739
"te1384b";0.008304391131905328
"hd650";0.00851295543351669
"xbr55x900c";0.0092832353954207
"2550";0.009286107397993335
"5.54";0.009702879767613339
"5.69";0.009702879767613339
"xbr55x800b";0.010174665707483512
"23mp";0.011713150489930275
"1560";0.011742506844918215
"un40ju6400fxza";0.01174359159460947
"tde1384b";0.012454607646236016
"todai";0.013360667320812258
"xbr43x830c";0.01377730388642355
"srh440";0.017113293171724234
"k712";0.018110003715305564
"55eg9600";0.02458420700691624
"momentum";0.03157082877820188
