"5.65";-0.009286768869315523
"spare";-0.008301324604869216
"thinner";-0.006246371191475225
"9.6";-0.004379850438287163
"vp9";-0.00414549435000391
"varianc";-0.003282701187096755
"inform";-4.0248323200422814E-4
"you";-3.315606787418754E-4
"fi";-2.7448259988710363E-4
"detail";-2.459569420960649E-4
"more";-2.3311732567535826E-4
"tv";-2.0935369090016313E-4
"hasn't";-2.0119494791453373E-4
"contact";-1.891263238687213E-4
"until";-1.6582458822298743E-4
"includ";-1.584358960215141E-4
"camera";-1.5447502521984545E-4
"us";-1.4643853498776883E-4
"d";-1.2018230085904709E-4
"full";-1.1557168815821839E-4
"spanish";-1.1193333129643229E-4
"program";-1.0961387473772561E-4
"3840";-1.0616910959038549E-4
"headphon";-1.0357465868513304E-4
"1800";-1.0221926589893088E-4
"audio";-1.0120463386202E-4
"secur";-9.931468074434596E-5
"2";-9.130197376282924E-5
"1920";-8.77076638160682E-5
"8.3";-8.31289197302798E-5
"lower";-8.150408797308524E-5
"open";-7.973558020614669E-5
"from";-7.762125824234455E-5
"on";-7.514413721085009E-5
"answer";-7.447528045824263E-5
"origin";-7.349862978612513E-5
"specif";-7.217183580705968E-5
"1900";-7.157509483608012E-5
"layer";-7.136123859925343E-5
"lcd";-7.124599490553094E-5
"user";-6.681809643845468E-5
"amount";-6.354700554407465E-5
"itself";-5.936385362192097E-5
"free";-5.873321057191566E-5
"els";-5.870233103631628E-5
"honestli";-5.84118336825585E-5
"store";-5.6823214516549355E-5
"high";-5.34696015106624E-5
"specifi";-5.269395554163896E-5
"condit";-5.2274305293426615E-5
"close";-4.9873104131892455E-5
"window";-4.948718842362628E-5
"were";-4.83011957128091E-5
"charcoal";-4.796983313486505E-5
"good";-4.777339288689205E-5
"load";-4.77363245354878E-5
"enter";-4.7357087489787165E-5
"you'r";-4.69132155857989E-5
"collect";-4.49070921085112E-5
"been";-4.4425213901925275E-5
"shop";-4.249414771083218E-5
"plu";-4.237642657398482E-5
"consid";-4.1630247819714625E-5
"s";-4.072158088323511E-5
"be";-4.038907903806637E-5
"almost";-4.028128333074247E-5
"wav";-4.019536501861671E-5
"here";-3.948513773638506E-5
"increas";-3.8970716423389E-5
"have";-3.8307382724948404E-5
"magic";-3.804806974174217E-5
"manag";-3.785961489039544E-5
"learn";-3.76180094191546E-5
"track";-3.748028862926231E-5
"2160p";-3.742488595052073E-5
"try";-3.7383285985537936E-5
"auto";-3.6818698714277157E-5
"transpar";-3.681236470127466E-5
"m2";-3.665859502735558E-5
"cell";-3.599844238035281E-5
"want";-3.548817600074802E-5
"technolog";-3.5038637153397614E-5
"electr";-3.410150415857832E-5
"polar";-3.3258910440814304E-5
"wasn't";-3.2808664600092057E-5
"hour";-3.2165902437237474E-5
"blog";-3.135691154695275E-5
"2560";-3.118568705279571E-5
"notif";-3.1139601764528196E-5
"right";-3.088019378024454E-5
"smartphon";-3.0438917242993943E-5
"lg'";-3.0121236440460945E-5
"select";-2.990078286701863E-5
"rate";-2.964698696466234E-5
"join";-2.9393399308772592E-5
"mai";-2.8981752258723276E-5
"anytim";-2.883648851505498E-5
"nois";-2.8519343506950663E-5
"color";-2.781637424763857E-5
"seat";-2.6592141134275903E-5
"slip";-2.653175059716623E-5
"made";-2.652865810615589E-5
"consum";-2.6478099156568034E-5
"hello";-2.6348603976294365E-5
"best";-2.627957136941685E-5
"super";-2.620375921015648E-5
"ye";-2.595839191312543E-5
"fabric";-2.575268040062341E-5
"put";-2.573213312523923E-5
"connect";-2.5702737291792125E-5
"cover";-2.4643727615509484E-5
"entertain";-2.450491939439238E-5
"editor";-2.4294469622711604E-5
"viewabl";-2.3958177793641117E-5
"100";-2.3847898213176164E-5
"content";-2.3835252520479168E-5
"composit";-2.3736266001920443E-5
"smart";-2.367232150163238E-5
"appl";-2.2717395744507917E-5
"120hz";-2.2526934060032697E-5
"receiv";-2.2447493533975986E-5
"mobil";-2.2401047020297017E-5
"t";-2.2351728969512673E-5
"architectur";-2.2151343413827525E-5
"storag";-2.1475590680523066E-5
"same";-2.1461577059446848E-5
"your";-2.1355804005352178E-5
"option";-2.1279413860960494E-5
"manufactur";-2.1161985133680346E-5
"sleep";-2.115134113126074E-5
"gsm";-2.0920194171558724E-5
"special";-2.0779985062644056E-5
"through";-2.0525695680272013E-5
"hotspot";-2.0466360780625227E-5
"60";-2.042442367911689E-5
"maximum";-2.0319215839734818E-5
"readabl";-2.020551631217891E-5
"stainless";-2.006694839211398E-5
"which";-1.9960420895764502E-5
"mean";-1.9923314933604557E-5
"knew";-1.9714800980669264E-5
"os";-1.964506356057086E-5
"check";-1.963750643763372E-5
"accept";-1.9636045220710937E-5
"ani";-1.9490097944534852E-5
"main";-1.9481999527929864E-5
"who";-1.9192754198378E-5
"watt";-1.9109493431347E-5
"essenti";-1.90688955423383E-5
"m";-1.874296585955847E-5
"captur";-1.863136944225673E-5
"55";-1.8524208232710603E-5
"cinema";-1.838021061102593E-5
"market";-1.8360540048535253E-5
"featur";-1.8249229578790194E-5
"9";-1.8211134716783175E-5
"2100";-1.8196830713183842E-5
"he";-1.8028874670053627E-5
"price";-1.7943827809597157E-5
"share";-1.7748993721966442E-5
"vga";-1.7629357898903293E-5
"landscap";-1.7488467767022212E-5
"appli";-1.7459597403697227E-5
"self";-1.7448880448733E-5
"scene";-1.7366536485979335E-5
"fm";-1.7346446247788186E-5
"pressur";-1.730610707286308E-5
"comput";-1.718375374405411E-5
"29.9";-1.7145626959627538E-5
"know";-1.6757115950240324E-5
"work";-1.6735040677279343E-5
"tap";-1.6710573632366943E-5
"call";-1.6691067018865385E-5
"motion";-1.655999597386552E-5
"nokia";-1.6506391957996303E-5
"leap";-1.6497206765819013E-5
"headset";-1.6495641376749505E-5
"screen";-1.640318216533712E-5
"paid";-1.636624491291078E-5
"webo";-1.63115576181127E-5
"process";-1.6192975142823887E-5
"bag";-1.6158725951004663E-5
"acceleromet";-1.6071051519275543E-5
"world";-1.5863445919722663E-5
"3gb";-1.5645690334754096E-5
"megapixel";-1.5602759008527298E-5
"gorilla";-1.5537408844338088E-5
"a8";-1.5510728476890944E-5
"refin";-1.546445572783462E-5
"mac";-1.5340574647714557E-5
"cd";-1.5271983847771176E-5
"replac";-1.5114981287511575E-5
"spend";-1.508156732558442E-5
"easi";-1.5071748221014557E-5
"record";-1.4983917172169472E-5
"support";-1.4915121623383445E-5
"core";-1.487213670867185E-5
"save";-1.4859278127296192E-5
"ipod";-1.4853803513622393E-5
"edg";-1.4792922141391692E-5
"warranti";-1.4736528466582829E-5
"drive";-1.473207719453922E-5
"brought";-1.4723935651087439E-5
"train";-1.471217776792674E-5
"like";-1.4545468626212948E-5
"respons";-1.4461761178606984E-5
"depth";-1.4278621353131835E-5
"soni";-1.4223105038305801E-5
"prefer";-1.4172680973748308E-5
"output";-1.4036759582556195E-5
"ratio";-1.393866898970766E-5
"temper";-1.3920298224975126E-5
"tv'";-1.3872058647320187E-5
"birthdai";-1.3868748731962223E-5
"103";-1.3816586594279923E-5
"e";-1.3798192759245346E-5
"creat";-1.3703330728410564E-5
"light";-1.3667171310783482E-5
"baromet";-1.3658489176545676E-5
"wai";-1.3554209744942347E-5
"structur";-1.341418184329455E-5
"veri";-1.333247089978828E-5
"peak";-1.3328177844723081E-5
"note";-1.3249270586015811E-5
"oz";-1.3183332466539053E-5
"gym";-1.311984804368456E-5
"function";-1.3067092750029732E-5
"few";-1.2937602956690844E-5
"friend";-1.2932861202205036E-5
"energi";-1.2846200938234127E-5
"choic";-1.2789193301146603E-5
"scale";-1.2780445485726394E-5
"10.4";-1.2770312614831158E-5
"balanc";-1.2765829633686007E-5
"multitouch";-1.270746000084209E-5
"team";-1.2684032499592213E-5
"respect";-1.2605905456152471E-5
"without";-1.2588158396825613E-5
"charg";-1.2580932900177672E-5
"compat";-1.2568989185512166E-5
"galleri";-1.2566809217686357E-5
"umbrella";-1.2560829285723427E-5
"happi";-1.2548718388679032E-5
"so";-1.2462891626317135E-5
"it’";-1.2416986476290477E-5
"unbeat";-1.2374535041857065E-5
"her";-1.2369017548868408E-5
"materi";-1.2361838149802918E-5
"finger";-1.229747229447185E-5
"differ";-1.2293002207008999E-5
"attach";-1.2260499916547796E-5
"db";-1.2213202802129412E-5
"chemic";-1.2209076075828611E-5
"captiv";-1.220131287035677E-5
"off";-1.2196752469316021E-5
"gener";-1.2167537279185234E-5
"current";-1.2149890290252471E-5
"out";-1.210070652725838E-5
"protect";-1.20929969556013E-5
"3.4";-1.2092665605934693E-5
"3.7";-1.208565550178228E-5
"antenna";-1.2081494459452707E-5
"smoothli";-1.2061845919290806E-5
"28.3";-1.1989715634390299E-5
"version";-1.1941553080010298E-5
"game";-1.1921914928761645E-5
"webm";-1.190976382760972E-5
"ultra";-1.1903503756617271E-5
"rose";-1.187295647733032E-5
"info";-1.1856306033395538E-5
"viewer";-1.1852606381295458E-5
"ultim";-1.1807441996890518E-5
"larger";-1.1668391368374446E-5
"bundl";-1.16078750022703E-5
"you'v";-1.157234807832607E-5
"18";-1.1565291572552833E-5
"mp4";-1.1520149505488527E-5
"descript";-1.1511733325370243E-5
"motionflow";-1.146508136834457E-5
"xr";-1.146508136834457E-5
"avi";-1.1440407571667346E-5
"trust";-1.1435592905231762E-5
"continu";-1.1280050872618957E-5
"cool";-1.121524637055435E-5
"long";-1.1206365307564432E-5
"8.9";-1.1200992978359532E-5
"great";-1.1196548038116632E-5
"base";-1.1182460578123133E-5
"21";-1.1044874589112542E-5
"sim";-1.1022569843605757E-5
"huawei";-1.0997557479131004E-5
"36";-1.095351516692083E-5
"kitkat";-1.0908433328414829E-5
"fashion";-1.0858181563416086E-5
"e.a.r";-1.0848270174362742E-5
"everydai";-1.0754900093085026E-5
"sr60e";-1.0677231875456938E-5
"gloriou";-1.0640627072826844E-5
"2.5";-1.0627247022645972E-5
"incred";-1.0626935202499517E-5
"schedul";-1.0399267594574449E-5
"1024";-1.0297175646140685E-5
"well";-1.028499031381638E-5
"velvet";-1.0280937126877187E-5
"uncompromis";-1.0266535321323822E-5
"product";-1.0266517958447874E-5
"xbr";-1.0262459063438688E-5
"cellular";-1.0235439588933166E-5
"ad";-1.0176746092602608E-5
"hd800";-1.0171541849775777E-5
"figur";-1.0152656673096414E-5
"choos";-1.0136103320298063E-5
"k";-1.0032394826703058E-5
"sinc";-9.970100378554035E-6
"loud";-9.957747074631351E-6
"pop";-9.847678445630083E-6
"7";-9.80625849608224E-6
"dark";-9.697811738855304E-6
"press";-9.56128477649763E-6
"rememb";-9.5465758980489E-6
"take";-9.534575027648224E-6
"interact";-9.456078409536485E-6
"remov";-9.450932522099835E-6
"impress";-9.442438907102037E-6
"lightn";-9.434505735090285E-6
"util";-9.409248207012172E-6
"local";-9.389087236728582E-6
"green";-9.362591998835271E-6
"1700";-9.340497478122843E-6
"relat";-9.334449653793736E-6
"13.3";-9.333572771293299E-6
"wma";-9.320268923154469E-6
"hood";-9.274077614941681E-6
"67";-9.262439655645556E-6
"normal";-9.25402409940436E-6
"regist";-9.225897123131744E-6
"178";-9.208006382696247E-6
"60p";-9.193001313907193E-6
"tune";-9.177075546956156E-6
"3.95";-9.169978111974939E-6
"realli";-9.121219596921145E-6
"optim";-9.108025116350807E-6
"frequenc";-9.086495251139633E-6
"9.3";-9.050549927067727E-6
"7420";-9.044570254251721E-6
"data";-9.00005000135458E-6
"safari";-8.99927529882192E-6
"sony'";-8.975761234902412E-6
"oh";-8.933565889268635E-6
"mw";-8.916950692853075E-6
"app";-8.871100864625543E-6
"lead";-8.860358168262701E-6
"imag";-8.791056904699637E-6
"batteri";-8.72737772737958E-6
"pandora";-8.691239835571537E-6
"slot";-8.68986913404907E-6
"bold";-8.674210589660475E-6
"finish";-8.652888768036215E-6
"hifi";-8.591903196597875E-6
"chipset";-8.571421132365549E-6
"16mp";-8.55203563921976E-6
"shoot";-8.511809712934669E-6
"convent";-8.463250788065882E-6
"0.5";-8.404935732198428E-6
"foot";-8.401174286783244E-6
"xbr65x900c";-8.398219227663973E-6
"wise";-8.377444545021757E-6
"n";-8.376689688278536E-6
"tool";-8.366447684105005E-6
"demand";-8.330643402675291E-6
"certainti";-8.256475571312823E-6
"4.7";-8.253864864049806E-6
"playstat";-8.251347468483808E-6
"inspir";-8.229452130146479E-6
"event";-8.220529683310721E-6
"integr";-8.201302864589803E-6
"18.5";-8.123960448857019E-6
"system";-8.118782845085644E-6
"immers";-8.105435785695349E-6
"808";-8.103971845536311E-6
"master";-8.093437231034763E-6
"becaus";-8.086858572150689E-6
"think";-8.084685029327316E-6
"bass";-8.068760845344784E-6
"2.3";-8.067407688785999E-6
"control";-8.056013680446379E-6
"rmf";-8.03773694299696E-6
"grip";-8.021700608992083E-6
"200";-8.020141802812393E-6
"room";-7.98518962609702E-6
"across";-7.827778676629867E-6
"chip";-7.796193982643389E-6
"passiv";-7.77483763188128E-6
"monitor";-7.762801652253234E-6
"mmcx";-7.758161551192633E-6
"famili";-7.724165246559514E-6
"wallpap";-7.686688533874901E-6
"incorpor";-7.681524427666925E-6
"evolut";-7.671530066102353E-6
"why";-7.671402769655628E-6
"rom";-7.660637907905851E-6
"skip";-7.64171113745226E-6
"exactli";-7.620900928656129E-6
"guid";-7.612492419467111E-6
"plug";-7.563914557010291E-6
"mpeg";-7.532057110436785E-6
"perfectli";-7.523837465438046E-6
"virtual";-7.514173629797737E-6
"yourself";-7.505133188187684E-6
"20";-7.485917955031903E-6
"detach";-7.4588743762985335E-6
"correct";-7.436395857764579E-6
"orient";-7.410316337759602E-6
"stand";-7.4046456430060985E-6
"glanc";-7.364465642264561E-6
"tripl";-7.329303854112163E-6
"sharp";-7.209788671206079E-6
"portrai";-7.208474911007956E-6
"dolbi";-7.179628654556036E-6
"re";-7.173339522427175E-6
"25";-7.170150348593412E-6
"latest";-7.139327648637172E-6
"background";-7.1387963858104454E-6
"effici";-7.125032776307192E-6
"construct";-7.0820008281401155E-6
"kind";-7.054563160014543E-6
"someth";-7.037299179421309E-6
"mind";-7.016734751751687E-6
"match";-6.985521675062674E-6
"reproduc";-6.969495907512002E-6
"lift";-6.90421320164922E-6
"blue";-6.892982677644824E-6
"drawn";-6.890487270677648E-6
"music";-6.882395780897792E-6
"dlna";-6.846181243584399E-6
"bodi";-6.842228710372215E-6
"uhd";-6.82072195308311E-6
"33.2";-6.8165310058458314E-6
"cl";-6.806678586155843E-6
"sweep";-6.80354169591002E-6
"abl";-6.794659311434498E-6
"sai";-6.748784929560148E-6
"health";-6.705295419883188E-6
"41";-6.698872636416546E-6
"while";-6.686489331885287E-6
"googl";-6.6684919662949975E-6
"water";-6.651537242697593E-6
"interfac";-6.639212845361767E-6
"vivid";-6.6197604013850234E-6
"go";-6.616481271077533E-6
"angl";-6.616286721347178E-6
"find";-6.592550699682071E-6
"zero";-6.592504835949446E-6
"illumin";-6.570738192745097E-6
"breakthrough";-6.5443641782370225E-6
"500";-6.543845775951358E-6
"crisp";-6.537555371702682E-6
"unlik";-6.530888677153818E-6
"html5";-6.528597698854822E-6
"dramat";-6.512472993413082E-6
"leather";-6.50733839741935E-6
"mm";-6.486046713980556E-6
"bean";-6.475030963809311E-6
"q701";-6.4720271545318936E-6
"ergonom";-6.466978924312382E-6
"arm";-6.457246960075161E-6
"better";-6.445641666407722E-6
"advantag";-6.444746862552416E-6
"y50";-6.443090822524922E-6
"after";-6.4392792820121155E-6
"4.6";-6.426138452787957E-6
"tag";-6.407749838212729E-6
"retina";-6.407149865384691E-6
"mov";-6.406597655598764E-6
"15";-6.352621252359218E-6
"hspa";-6.347139894195483E-6
"tell";-6.3342651513373935E-6
"shutter";-6.324272199767977E-6
"own";-6.323740919600548E-6
"vision";-6.315271302671094E-6
"fulli";-6.310025093542518E-6
"huge";-6.253155739557856E-6
"686";-6.250835560120113E-6
"absorb";-6.2242731500902065E-6
"internet";-6.215137436294952E-6
"harmon";-6.2143926730255975E-6
"polycarbon";-6.202806376030279E-6
"machin";-6.1985678981362966E-6
"reson";-6.198031077634997E-6
"compar";-6.194889407383844E-6
"give";-6.192726462157382E-6
"tweeter";-6.171775726351161E-6
"hold";-6.080070052689665E-6
"mhl";-6.062939640749036E-6
"exterior";-6.0314230462079656E-6
"brown";-6.022950384437619E-6
"25.8";-6.009481660806737E-6
"clariti";-5.998297493535966E-6
"surfac";-5.951891930499535E-6
"multimedia";-5.926899636466841E-6
"49";-5.9068142905628406E-6
"alloi";-5.902349196069967E-6
"possibl";-5.873205513089608E-6
"spectrum";-5.870349681761679E-6
"each";-5.858672535371872E-6
"wireless";-5.85204764685341E-6
"anyon";-5.848054582465313E-6
"band";-5.8171005239886374E-6
"cream";-5.8051029120200544E-6
"pearl";-5.797566023037562E-6
"6.28";-5.7824406229125815E-6
"amazon";-5.714493314852885E-6
"3.5";-5.674539658608796E-6
"mp2";-5.637432658999236E-6
"ra";-5.637432658999236E-6
"weight";-5.6163262714802465E-6
"feel";-5.60269934583846E-6
"fantast";-5.593610997502402E-6
"eleg";-5.588032099516568E-6
"thinnest";-5.586456666801512E-6
"blur";-5.538859493246291E-6
"rd";-5.535670349551998E-6
"upgrad";-5.532398848152704E-6
"mail";-5.525075059189047E-6
"vehicl";-5.492092083153373E-6
"dj";-5.474106102703062E-6
"minim";-5.461346371394267E-6
"associ";-5.450774561357487E-6
"150";-5.4166342736048875E-6
"49.5";-5.410449333967214E-6
"pc";-5.410145279900983E-6
"5.7";-5.392003977535212E-6
"16";-5.391535214052378E-6
"expens";-5.3911708030838785E-6
"reduct";-5.370100302786243E-6
"standbi";-5.3525366824375E-6
"coupl";-5.348960473916021E-6
"world'";-5.3410126627716036E-6
"mpo";-5.322525915949124E-6
"leav";-5.292151714140223E-6
"apertur";-5.280822635246249E-6
"four";-5.2422015139032084E-6
"cloth";-5.229100305464194E-6
"rvu";-5.224537874941738E-6
"sapphir";-5.224186765687838E-6
"individu";-5.188913706874716E-6
"person";-5.186187123350466E-6
"left";-5.183531462289471E-6
"catch";-5.1617349384166025E-6
"microphon";-5.1560389801971925E-6
"sens";-5.151495041701935E-6
"k612";-5.121095115719075E-6
"ip";-5.119310760168156E-6
"5.5";-5.106677347690078E-6
"hdtv";-5.090959413037011E-6
"anim";-5.08697257543822E-6
"wide";-5.063247675558772E-6
"3.5mm";-5.062382011032033E-6
"maxim";-5.038639046380227E-6
"bottom";-4.977152614271023E-6
"sennheiser'";-4.971308512173115E-6
"total";-4.959362894541583E-6
"movement";-4.9119996021163796E-6
"gear";-4.909262124804382E-6
"purpos";-4.89229086433367E-6
"4.4";-4.8812347478332965E-6
"host";-4.852188538153135E-6
"mt";-4.850892170185686E-6
"hevc";-4.833765963951214E-6
"ts";-4.815445038849875E-6
"coprocessor";-4.794021719312406E-6
"add";-4.793733896237543E-6
"1.2";-4.7928336870789155E-6
"transmit";-4.787839939579715E-6
"tone";-4.771455118569986E-6
"21.7";-4.7569000082830566E-6
"stream";-4.75491896247812E-6
"thing";-4.7318303376865265E-6
"capacit";-4.723733953979883E-6
"21.1";-4.72044893895171E-6
"2.9";-4.714259344262492E-6
"worldwid";-4.695512312508776E-6
"present";-4.687593200744782E-6
"strong";-4.645905582165849E-6
"complex";-4.625376303642181E-6
"hsdpa";-4.6195096781648844E-6
"partner";-4.618369450733043E-6
"amber";-4.5922867057822565E-6
"year";-4.592280764223043E-6
"rm";-4.586459380087667E-6
"session";-4.576659311154342E-6
"extrem";-4.5491142090207264E-6
"fresh";-4.531961948250223E-6
"satisfi";-4.527459083260386E-6
"invest";-4.520490405665665E-6
"safe";-4.51273222136072E-6
"compromis";-4.511071208820969E-6
"there'";-4.504002934764285E-6
"signatur";-4.484928096461782E-6
"month";-4.477921678450484E-6
"organ";-4.450025437948324E-6
"popular";-4.405732907037871E-6
"tx100u";-4.4030921695958946E-6
"disturb";-4.402307460185835E-6
"2.2";-4.396268241074308E-6
"wipe";-4.389692246649978E-6
"boom";-4.370102336637307E-6
"earbud";-4.366497637289454E-6
"whole";-4.3613366701219375E-6
"vs986";-4.3337318863696794E-6
"those";-4.333097222587214E-6
"cushion";-4.328473353943773E-6
"situat";-4.289422807993626E-6
"stick";-4.277293800851283E-6
"summer";-4.245981659667898E-6
"17";-4.22829916854996E-6
"12.9";-4.224443526018879E-6
"un55hu6840";-4.2243618820428245E-6
"brilliant";-4.206745632406167E-6
"4.3";-4.181053632413824E-6
"fastest";-4.168808416593899E-6
"g";-4.164502706700163E-6
"7.8";-4.140926061122996E-6
"launch";-4.130598853935718E-6
"realism";-4.1171025593003795E-6
"aluminium";-4.085678452175134E-6
"icloud";-4.085172746110411E-6
"ac";-4.071218263539591E-6
"metal";-4.063772553928067E-6
"earcup";-4.057473643887151E-6
"stronger";-4.0571475721676124E-6
"revolutionari";-4.038709458355173E-6
"30.3";-4.032867035814596E-6
"mix";-4.020228615529914E-6
"analog";-4.019444243114751E-6
"it'";-4.016666710273927E-6
"sit";-3.982105683482395E-6
"complet";-3.9820014247387485E-6
"wonder";-3.979791588395835E-6
"memori";-3.977126378713645E-6
"walk";-3.965916439543861E-6
"imposs";-3.945411391152471E-6
"mb";-3.9278220470688485E-6
"selfi";-3.927456278436181E-6
"hook";-3.919229555681763E-6
"servic";-3.909268791089524E-6
"seem";-3.89842576104622E-6
"face";-3.879609012982359E-6
"58.6";-3.87618092565529E-6
"alert";-3.874400031331672E-6
"addition";-3.8597999713540164E-6
"g925";-3.855115173628646E-6
"finest";-3.836861670655084E-6
"53.7";-3.829363452516967E-6
"togeth";-3.828327994264281E-6
"s6";-3.814142015283635E-6
"nice";-3.7894415733275184E-6
"mechan";-3.7788731467776907E-6
"around";-3.7550095482073655E-6
"dive";-3.7299038664371587E-6
"7.1";-3.7163224894627155E-6
"pink";-3.714330678370603E-6
"1420";-3.7038365999761486E-6
"intend";-3.6972049857387666E-6
"ion";-3.6951224464004152E-6
"action";-3.6864499708292925E-6
"progress";-3.683907415356815E-6
"dvd";-3.6708707029829636E-6
"we'v";-3.638877582688412E-6
"crystal";-3.6098320704879353E-6
"1810";-3.597914640017519E-6
"much";-3.5951134870425804E-6
"past";-3.591869381830564E-6
"non";-3.5631955698930094E-6
"flat";-3.540283987151947E-6
"singl";-3.526314961980467E-6
"easier";-3.516827518571399E-6
"plai";-3.4802928134546225E-6
"49uf6400";-3.4774600202961553E-6
"microusb";-3.4613374866765117E-6
"browser";-3.4567503957983305E-6
"outsid";-3.451137930648136E-6
"explor";-3.446780387397115E-6
"13";-3.4232559412741927E-6
"imped";-3.4192572266064994E-6
"2.85";-3.392972419129692E-6
"512mb";-3.380609839266635E-6
"test";-3.3764231268261415E-6
"1.6";-3.3708600781934966E-6
"damp";-3.363098324490175E-6
"unbrand";-3.3609726339924387E-6
"pad";-3.35296979781343E-6
"4.95";-3.3352752712329263E-6
"mountabl";-3.319154420218474E-6
"480";-3.307325293593115E-6
"graphit";-3.3035609292610124E-6
"physic";-3.3031256649571376E-6
"a6";-3.302957046908252E-6
"rs";-3.2948743544117854E-6
"outer";-3.270149362084862E-6
"highest";-3.267755859166213E-6
"typic";-3.2373273821939552E-6
"52.7";-3.233173425453822E-6
"801";-3.191774587746934E-6
"kick";-3.1700098128916137E-6
"widest";-3.156215667418638E-6
"3.6";-3.134052071684049E-6
"judder";-3.0991501970715823E-6
"176";-3.078732304926876E-6
"love";-3.066420455767175E-6
"airi";-3.0416093903855806E-6
"resist";-3.040579146217255E-6
"bravia";-3.0272134876963355E-6
"streamlin";-3.019541916313845E-6
"nexu";-3.007292070782673E-6
"32gb";-2.9962197877085423E-6
"contract";-2.9853822514032185E-6
"brillianc";-2.9741614043929322E-6
"behind";-2.972330656427597E-6
"broadcast";-2.961105358332411E-6
"easili";-2.946392146233002E-6
"matt";-2.9111614156079576E-6
"i";-2.8975623309153084E-6
"id";-2.887672289994536E-6
"iphone4";-2.8823943169850466E-6
"document";-2.8732238641035083E-6
"codec";-2.8542845505637182E-6
"stylish";-2.851543709311684E-6
"s4";-2.849732253564505E-6
"js7000";-2.8418576243307192E-6
"720";-2.8306808852809895E-6
"percent";-2.820492233303329E-6
"gone";-2.8175120550046306E-6
"particular";-2.813840530074607E-6
"assort";-2.8093320883422342E-6
"shot";-2.8060988023330684E-6
"2.5mm";-2.798968185973921E-6
"pre";-2.7953830215596623E-6
"extern";-2.792466964417339E-6
"65x930c";-2.7888820982909877E-6
"cpu";-2.7800499406764015E-6
"width";-2.7761934915994317E-6
"sleev";-2.7761825852259253E-6
"feet";-2.766505182485654E-6
"2.8";-2.7657213947899107E-6
"effortless";-2.7650924056996876E-6
"ac3";-2.749962496911406E-6
"speaker";-2.7496306119653767E-6
"115.2";-2.732468035920271E-6
"2.4";-2.7013981873354534E-6
"a53";-2.686172718479175E-6
"a57";-2.686172718479175E-6
"enjoi";-2.6812088536158087E-6
"extend";-2.678577176742046E-6
"20.7";-2.671330769959198E-6
"dbv";-2.6661093117056472E-6
"3000";-2.6579890339559556E-6
"glonass";-2.638976737510761E-6
"easiest";-2.6203947478846065E-6
"un48ju6400fxza";-2.620283909201965E-6
"64gb";-2.597877312889886E-6
"render";-2.5433330108808744E-6
"invent";-2.5390969824613113E-6
"nearli";-2.5386115751172174E-6
"sm";-2.528767742962859E-6
"case";-2.5092690873867443E-6
"employe";-2.5052103375042267E-6
"wider";-2.500547881899469E-6
"48";-2.4991068050313897E-6
"wire";-2.49256517830909E-6
"took";-2.491082577645724E-6
"rai";-2.4891082313312825E-6
"blu";-2.4891082313312825E-6
"ventil";-2.4622206006495956E-6
"8gb";-2.4516006593672908E-6
"atsc";-2.4457483668504842E-6
"crack";-2.4359183993966386E-6
"redefin";-2.434694164469989E-6
"50";-2.4235812809634443E-6
"jelli";-2.4168143736729743E-6
"sensor";-2.3953862115335994E-6
"subtl";-2.3741539525545634E-6
"media";-2.358108409963361E-6
"pioneer";-2.350328502483492E-6
"velour";-2.3444186386268467E-6
"where";-2.3437059485854786E-6
"reinvent";-2.3414620089856137E-6
"prevent";-2.3377515321407335E-6
"adjust";-2.335488247780541E-6
"5.43";-2.3316833638636534E-6
"20mp";-2.320700879972215E-6
"driver";-2.318097553008986E-6
"oper";-2.313484312183124E-6
"hybrid";-2.2930745124901585E-6
"gather";-2.2841765522710333E-6
"roam";-2.2841765522710333E-6
"wp8";-2.2836728223896586E-6
"reinforc";-2.278797494084748E-6
"gunmet";-2.2756049013437918E-6
"ms";-2.275189233007642E-6
"fine";-2.270013765192074E-6
"insul";-2.2637666177947326E-6
"thd";-2.261156522986071E-6
"itun";-2.2459418560167113E-6
"pouch";-2.2332446342211688E-6
"contemporari";-2.2305557355396527E-6
"expect";-2.220885742397114E-6
"recogn";-2.2106874116561287E-6
"x850c";-2.20509781275264E-6
"comfort";-2.2050070673499106E-6
"dustproof";-2.1940326683728487E-6
"12.5";-2.1692638041090903E-6
"skin";-2.167250961300374E-6
"percept";-2.156797793138912E-6
"fact";-2.136604820607464E-6
"zone";-2.1098678299293442E-6
"it";-2.0850823295217303E-6
"visual";-2.0771115653444878E-6
"morn";-2.0749549233521104E-6
"5.47";-2.074694881829504E-6
"harder";-2.004653795087272E-6
"is410";-1.982957558375932E-6
"earpad";-1.9826036402515086E-6
"gpr";-1.9795158874716737E-6
"noth";-1.978174262009147E-6
"4.87";-1.974201600427614E-6
"encas";-1.973732599951234E-6
"exampl";-1.9722495040784636E-6
"project";-1.9485760755770954E-6
"mere";-1.9183820507971207E-6
"upon";-1.9002859540465664E-6
"optic";-1.8966690573581644E-6
"rca";-1.8865135141466123E-6
"samsung'";-1.8675465969733183E-6
"backlit";-1.866022116670988E-6
"microsd";-1.8616258118068097E-6
"develop";-1.859653101859781E-6
"hsupa";-1.8448175054565363E-6
"yellow";-1.8393732551563909E-6
"shape";-1.8292251461968917E-6
"transfer";-1.8265482994309426E-6
"3264";-1.8228241302235479E-6
"2448";-1.8228241302235479E-6
"fullhd";-1.821368590778048E-6
"42.5";-1.816691620743936E-6
"5s";-1.803796374950776E-6
"65x950b";-1.794553712616565E-6
"clearer";-1.7906517151245697E-6
"parent";-1.7904098507568432E-6
"move";-1.7507299981962387E-6
"block";-1.7442723313013109E-6
"microsoft";-1.7313651739783246E-6
"64x";-1.7121094953882904E-6
"stabil";-1.7070240309253505E-6
"exce";-1.7047503274735974E-6
"univers";-1.6864322860332334E-6
"90";-1.6729523703909715E-6
"collaps";-1.6728799806069172E-6
"envelop";-1.6485481298812547E-6
"trilumino";-1.6416952510377308E-6
"solid";-1.638456956418302E-6
"2x";-1.6360000864149612E-6
"rmt";-1.6324008762164458E-6
"ram";-1.6299286096780246E-6
"8";-1.6151191013467632E-6
"nativ";-1.593788383850885E-6
"consist";-1.59215324192585E-6
"wall";-1.5858246196964396E-6
"w";-1.5848921321853195E-6
"750";-1.5599778997168676E-6
"1334";-1.5599778997168676E-6
"unit";-1.5557811442128998E-6
"signific";-1.5530950223532707E-6
"v3.1";-1.5345453201085976E-6
"factor";-1.5092264323151878E-6
"70";-1.5066265243295502E-6
"photograph";-1.5006603373314553E-6
"ofc";-1.4894539142318636E-6
"effortlessli";-1.4872175146612766E-6
"elimin";-1.48444879417408E-6
"un55js8500f";-1.4775054944629292E-6
"49.1";-1.4775054944629292E-6
"k171";-1.4561916726536003E-6
"ensur";-1.4456531920101922E-6
"af";-1.4375076237679646E-6
"un55ju6500";-1.4369847883641956E-6
"235";-1.4299514640302331E-6
"expans";-1.4177379450113349E-6
"240";-1.4161889534979844E-6
"box";-1.4039948422025308E-6
"anod";-1.394923369407784E-6
"there’";-1.3877443604962438E-6
"command";-1.3858954632057705E-6
"enjoy";-1.3828028569003747E-6
"wrap";-1.3805661461370378E-6
"san";-1.3739884913601107E-6
"lan";-1.3739511345637706E-6
"31.5";-1.3471141345160193E-6
"park";-1.3373487224072986E-6
"sensit";-1.3354338273055544E-6
"es";-1.3225551938901684E-6
"push";-1.2986794763179843E-6
"64";-1.289298834239276E-6
"v5.0.2";-1.287373615926855E-6
"weather";-1.2734738799769114E-6
"francisco";-1.2675270386373427E-6
"0.2";-1.2651559189604368E-6
"low";-1.2616577650075751E-6
"poor";-1.2103517475908765E-6
"6.9";-1.2049757838004244E-6
"panorama";-1.2014921704088565E-6
"notic";-1.1898522647373615E-6
"v";-1.1817099481534622E-6
"softwar";-1.176904170809269E-6
"diagon";-1.1614834092986825E-6
"6.3";-1.1579613386967946E-6
"depict";-1.1563961913028963E-6
"primari";-1.1506901395325455E-6
"410";-1.1448413334766427E-6
"2.1";-1.1395139848684309E-6
"lag";-1.1369327732240007E-6
"filter";-1.1358140271623088E-6
"1080p30fp";-1.132120970215775E-6
"720p30fp";-1.132120970215775E-6
"less";-1.131485640510797E-6
"wherev";-1.1093161893216928E-6
"siri";-1.1048908402715944E-6
"multi";-1.1020000897119746E-6
"mbp";-1.0971905834091615E-6
"blown";-1.0570155239767983E-6
"v5.0";-1.0545701261863941E-6
"48.4";-1.0530845959038412E-6
"ir";-1.048946605939488E-6
"profession";-1.0484097232260983E-6
"hub";-1.047397969802385E-6
"41.9";-1.0447451444173829E-6
"att";-1.0420193239924196E-6
"g925f";-1.029629339743994E-6
"superb";-1.0221888811119684E-6
"foam";-1.0211704095929199E-6
"thin";-1.0172149721949002E-6
"li";-1.011693673475954E-6
"bleed";-9.904646812331985E-7
"freedom";-9.75843195055292E-7
"web";-9.70699636623422E-7
"38.4";-9.62937041317554E-7
"115";-9.353170219476003E-7
"p";-9.177325284842868E-7
"onboard";-9.091213587603765E-7
"includes:sound";-9.070139951605771E-7
"arch";-9.068092492024326E-7
"decad";-9.068092492024326E-7
"rivet";-9.068092492024326E-7
"ant";-9.012322853495756E-7
"820";-8.992049028147737E-7
"depend";-8.896010015080661E-7
"jaw";-8.820044527454464E-7
"highli";-8.704740808412447E-7
"mention";-8.677267148531065E-7
"littl";-8.440705733655726E-7
"precis";-8.40837227303326E-7
"copper";-8.286612658441715E-7
"could";-8.059935008827347E-7
"mp3";-8.002689703558144E-7
"1.7";-7.905187013740322E-7
"2.6";-7.706759388457157E-7
"3.1";-7.676192049070934E-7
"min";-7.520218473837431E-7
"3.3";-7.491070236464309E-7
"faster";-7.156209344083989E-7
"activ";-6.927314528453307E-7
"25p";-6.792994591271577E-7
"among";-6.660312015738664E-7
"128";-6.541240847869037E-7
"unabl";-6.47335634229064E-7
"smaller";-6.466039474337104E-7
"area";-6.291656809258306E-7
"4.0";-6.203084701939996E-7
"proof";-6.154827222654602E-7
"artifact";-6.038806433611738E-7
"alwai";-5.924269619297947E-7
"visibl";-5.909412636883227E-7
"black";-5.726486796907761E-7
"230";-5.618032777422255E-7
"volum";-5.568668613790545E-7
"sd";-5.458305566703845E-7
"sandwich";-5.430961770454788E-7
"101";-5.235375339626852E-7
"separ";-5.158603411810461E-7
"pleasant";-4.831387323169343E-7
"le";-4.80882313768555E-7
"longer";-4.785228829114188E-7
"probabl";-4.7490419880142666E-7
"210";-4.742932499568925E-7
"reflect";-4.3878526420626507E-7
"need";-4.3729436785804737E-7
"classic";-4.359760207054645E-7
"approach";-4.358118445234836E-7
"lightest";-4.358118445234836E-7
"neodymium";-4.3270495410276805E-7
"j6300";-4.2172739615586294E-7
"said";-3.998575213887438E-7
"2988";-3.9910482834901173E-7
"5312";-3.9910482834901173E-7
"vibranc";-3.9486327743362105E-7
"57";-3.703681418598954E-7
"field";-3.6496067243796046E-7
"remind";-3.410053115010243E-7
"dynam";-3.3228189603908015E-7
"225";-3.1971089201751304E-7
"12.3";-3.1611216165516876E-7
"38";-3.0912323581203083E-7
"mali";-2.896115050513991E-7
"22.4";-2.841089908594413E-7
"39";-2.703533578086396E-7
"charact";-2.6933001487203814E-7
"engin";-2.667412187530154E-7
"noisi";-2.4728449271301054E-7
"5.3";-2.2020562655738823E-7
"702";-2.1975409802818196E-7
"outstand";-2.0583048813512574E-7
"dedic";-2.039009163665173E-7
"marshmallow";-1.99921712740192E-7
"switch";-1.9676962432731756E-7
"99.99";-1.6798570593535905E-7
"europ";-1.6574486921773234E-7
"thought";-1.6536507589041266E-7
"promis";-1.584466329106627E-7
"school";-1.5806454113523414E-7
"vrm";-1.544143134121767E-7
"gmail";-1.511395316146618E-7
"land";-1.4170427333924304E-7
"samson";-1.4142124311531095E-7
"reason";-1.2465217701345798E-7
"drum";-1.24452322979203E-7
"ju6700";-1.2184865612622966E-7
"down";-1.0360785064417665E-7
"innov";-1.032638932968585E-7
"nuanc";-9.944664119618252E-8
"1.5ghz";-9.737408567314643E-8
"z3";-9.654841675630992E-8
"49x830c";-9.48920153187767E-8
"helicopt";-9.331290783023537E-8
"windshield";-9.331290783023537E-8
"42";-8.88991801314791E-8
"meant";-8.081479671551671E-8
"6.07";-7.785242915787915E-8
"password";-7.345118014262823E-8
"got";-6.90108159920929E-8
"homescreen";-6.276497023011878E-8
"deeper";-6.243266116531143E-8
"anyth";-5.987081380881901E-8
"sgh";-5.4917743394500285E-8
"5mp";-3.643205917902689E-8
"releas";-1.986487871462675E-8
"signal";-1.9764950403232916E-8
"62";-9.145017264722971E-9
"4ft";0.0
"me299ll";0.0
"t760";0.0
"calend";0.0
"10.1";0.0
"10.7";0.0
"un55ju7100f";0.0
"flight";0.0
"shouldn't";0.0
"brilliantli";0.0
"32.6";0.0
"6.5";0.0
"replic";0.0
"midrang";0.0
"success";0.0
"x850d";0.0
"strongli";0.0
"focus";0.0
"41.6";0.0
"j5200";0.0
"50.04";0.0
"cmr";0.0
"fuel";0.0
"201";0.0
"209";0.0
"220";0.0
"6350";0.0
"skydriv";0.0
"245";0.0
"257";0.0
"gradient";0.0
"261";0.0
"265";0.0
"msm8227";0.0
"28.7";0.0
"285";0.0
"xbr79x900b";0.0
"299";0.0
"youll";0.0
"circum";0.0
"cyan";0.0
"attain";0.0
"37.04";0.0
"37.2";0.0
"37.5";0.0
"tabl";0.0
"artist";0.0
"59.1";0.0
"24.3";0.0
"xbr70x850b";0.0
"ju6500";0.0
"46.3";0.0
"glad";0.0
"swivel";0.0
"un40ju6700";0.0
"discern";0.0
"customiz";0.0
"20.7mp";0.0
"cradl";0.0
"701";0.0
"teflon";0.0
"un65h6350";0.0
"0.31";0.0
"0.29";0.0
"0.45";0.0
"x800b";0.0
"686g";0.0
"305";0.0
"commut";0.0
"seriou";0.0
"bronz";0.0
"330";0.0
"un50eh5300";0.0
"dtv";0.0
"65x800b";0.0
"akg’";0.0
"4.37";0.0
"µm";0.0
"29.1";0.0
"akg'";0.0
"k272";0.0
"supra";0.0
"4.59";0.0
"un50j5200afxza";0.0
"56";0.0
"66";0.0
"55x850d";0.0
"93";0.0
"97";0.0
"98";0.0
"secret";0.0
"25.4";0.0
"reward";0.0
"12.1";0.0
"refurb";0.0
"12.8";0.0
"infus";0.0
"8.6";0.0
"grammi";0.0
"sensat";0.0
"k701";0.0
"xbr55x850b";0.0
"2.5ghz";0.0
"unbeliev";0.0
"21.8";0.0
"workout";0.0
"tm1560b";0.0
"8.99";0.0
"43.7";0.0
"rep";0.0
"3450";0.0
"shelf";0.0
"slideshow";0.0
"attitud";0.0
"vpt";0.0
"30.9";0.0
"un50ju7100";0.0
"70x850b";0.0
"characterist";0.0
"40lf6300";0.0
"61.7";0.0
"yd102";0.0
"61.9";0.0
"0.6";0.0
"lifetim";0.0
"maintain";0.0
"fragil";0.0
"23.15";0.0
"holder";0.0
"nest";0.0
"hd595";0.0
"un60ju7100fxza";0.0
"defens";0.0
"superl";0.0
"introduc";0.0
"notabl";0.0
"topaz";0.0
"23.81";0.0
"epic";0.0
"79x900b";0.0
"slide";0.0
"48.8";0.0
"48.9";0.0
"35.3";0.0
"35.2";0.0
"35.9";0.0
"35.5";0.0
"weigh";0.0
"57.4";0.0
"57.1";0.0
"slimmest";0.0
"c5";0.0
"925";0.0
"1360";0.0
"quicker";0.0
"5.6";0.0
"un55hu8500";0.0
"tde3253b";0.0
"j6200";0.0
"53.6";0.0
"4465";0.0
"521";0.0
"you’r";0.0
"530";0.0
"un40eh5300";0.0
"blk";0.0
"phenomen";0.0
"555";0.0
"sph";0.0
"tm1240a";0.0
"pretti";0.0
"107";0.0
"101.2";0.0
"110";0.0
"595";0.0
"114";0.0
"118";0.0
"xbr49x830c";0.0
"modular";0.0
"124";0.0
"1.9ghz";0.0
"2.98";0.0
"141";0.0
"142";0.0
"closer";0.0
"165";0.0
"knox";0.0
"flush";0.0
"6.08";0.0
"27.1";0.0
"185";0.0
"6.35";0.0
"masterpiec";0.0
"sennheiser’";0.0
"js9000";0.0
"36.8";0.0
"se315cl";0.0
"xbr55x850d";0.0
"23.8";0.0
"4.8";1.413269322641901E-8
"4.1";1.6992527348321657E-8
"26";2.077700870828673E-8
"cdma";2.493695351450144E-8
"both";4.774575139083459E-8
"2012";4.858585135660709E-8
"k99";6.31271122543864E-8
"800";8.24960560755466E-8
"patent";8.731705117742726E-8
"sn";1.0342881257658851E-7
"million";1.1229432567757408E-7
"keep";1.2056491373841987E-7
"simpl";1.2256757329844486E-7
"duofol";1.2318513739617565E-7
"attent";1.2431171097496472E-7
"57.5";1.2502687828482325E-7
"you’ll";1.253428834690302E-7
"we’v";1.4815981207562737E-7
"0.3";1.4943077855260117E-7
"mo";1.7242725269817072E-7
"1200";1.7851399472610524E-7
"purer";1.8603708631264627E-7
"31.9";1.905591877995362E-7
"42.8";1.931209563668613E-7
"802.11n";1.9854236326505813E-7
"ocx";2.0176390746334816E-7
"4.66";2.080368875934796E-7
"gpu";2.2842935397350203E-7
"1366";2.3726058924185365E-7
"57.6";2.3909232559071736E-7
"glossi";2.526136274180399E-7
"big";2.689488108859701E-7
"mic";2.7315820773192445E-7
"miracast";2.8124236637217664E-7
"fidel";2.82856937135786E-7
"industri";2.893881365338691E-7
"ambient";2.9403847105194045E-7
"7.5";2.948313794657806E-7
"radiat";2.9563295455843196E-7
"shadow";3.00236180097134E-7
"waterproof";3.030565122903446E-7
"fatigu";3.068257894766894E-7
"curv";3.170113069072294E-7
"fingertip";3.380679737136896E-7
"h1511";3.429946821530139E-7
"3d";3.476420572010485E-7
"480p";3.505485976445068E-7
"grai";3.511646964240306E-7
"cut";3.527512549407832E-7
"2000";3.590252249916523E-7
"m9";3.636015749658092E-7
"lf6300";3.675877748679534E-7
"mid";3.6969097276653507E-7
"discov";3.749307591834774E-7
"6.8";3.9510344534032877E-7
"70.5";3.9510344534032877E-7
"143.4";3.9510344534032877E-7
"3.00";4.195593819346366E-7
"gamer";4.3582338553458424E-7
"sync";4.387268352050444E-7
"carri";4.6455850446483135E-7
"equip";4.655969686723606E-7
"enhanc";4.738441578915653E-7
"miss";4.987652073840133E-7
"6.1";5.086013022008776E-7
"stitch";5.414476831721929E-7
"red";5.672948340676789E-7
"37";5.752327714467103E-7
"assist";5.785672740596967E-7
"stock";5.889329791561326E-7
"subwoof";5.903318914481006E-7
"sleek";5.904633431839902E-7
"evolv";6.018221177903245E-7
"transit";6.169958891457218E-7
"nvidia";6.171085921032569E-7
"5.59";6.25903034727182E-7
"sch";6.264758228547948E-7
"smarter";6.284751176322163E-7
"71";6.324626171142975E-7
"achiev";6.326170890350123E-7
"s5";6.355759885742426E-7
"aesthet";6.42487721171309E-7
"k240";6.486986845200097E-7
"menu";6.620925071362842E-7
"xs";6.659196879791555E-7
"3.9";6.715452859886112E-7
"surround";6.782637151301355E-7
"8.1";6.818193473817467E-7
"exception";6.828315498294329E-7
"26.4";6.828315498294329E-7
"44.9";6.828315498294329E-7
"tabletop";6.83081638954867E-7
"44";6.853066932697534E-7
"revolut";6.872644612936442E-7
"tablet";7.079174118361098E-7
"between";7.07932007269709E-7
"rotat";7.172918395255954E-7
"1280";7.220012089360385E-7
"greatest";7.246093337090476E-7
"excit";7.316969284978936E-7
"gb";7.484557794010509E-7
"sprint";7.59505524085941E-7
"2.78";7.607397820063103E-7
"beauti";7.831812851996026E-7
"opportun";8.101448506978026E-7
"octa";8.123740395729606E-7
"soccer";8.251114364898166E-7
"jpeg";8.279996278758202E-7
"statu";8.328277268412764E-7
"hard";8.343130138317723E-7
"3m";8.49526088994774E-7
"suspend";8.496233672893574E-7
"gimbal";8.496233672893574E-7
"uncolor";8.496233672893574E-7
"172";8.497453328976459E-7
"920";8.550696380861685E-7
"futur";8.612292822741605E-7
"ft";8.660586844270839E-7
"34.6";8.723320291676839E-7
"24";8.754318533227089E-7
"punchi";9.016878583303911E-7
"quit";9.153690120281693E-7
"thread";9.207149689622468E-7
"128gb";9.34508605488361E-7
"sparkl";9.3548276314942E-7
"titan";9.43564743824968E-7
"29";9.482702500424696E-7
"direct";9.49630026726731E-7
"geo";9.511955470810352E-7
"2.7";9.527204478055804E-7
"absolut";9.62562575173697E-7
"lpcm";9.677498196878319E-7
"3gpp";9.677498196878319E-7
"must";9.701139287343674E-7
"shortcut";9.719554867443034E-7
"dozen";9.732623177051338E-7
"4.2.2";9.764929464473049E-7
"constantli";9.812958297952812E-7
"leatherett";9.944586590880292E-7
"gold";9.946827535848267E-7
"sourc";1.0048334648410338E-6
"audiophil";1.0050957091111565E-6
"flick";1.0167150150438997E-6
"sr";1.0191072232781874E-6
"task";1.0201981042703305E-6
"pair";1.0216994375937018E-6
"142.1";1.022964975847661E-6
"70.1";1.022964975847661E-6
"x850b";1.0440005825964629E-6
"height";1.0533110313863102E-6
"alarm";1.0585339700252758E-6
"250";1.0594699061824107E-6
"straight";1.0603673472695668E-6
"practic";1.0626453533385018E-6
"rigid";1.0638819062591068E-6
"unison";1.071172803571857E-6
"circumaur";1.0753009612441116E-6
"glare";1.0770243469094068E-6
"reach";1.0908414425414353E-6
"had";1.0926853410729268E-6
"9.2";1.0950332503187332E-6
"eras";1.0953053761093845E-6
"0.1";1.1020874498954194E-6
"heavi";1.1078691949606453E-6
"1.8";1.1096186454617415E-6
"a4";1.1361792454989746E-6
"fix";1.1375209342569259E-6
"flex";1.1420719192890838E-6
"life'";1.1457375974494033E-6
"fleet";1.1457375974494033E-6
"3.8";1.1508707011857397E-6
"abil";1.153559016172593E-6
"dot";1.1716643268134012E-6
"paus";1.1875980632652938E-6
"except";1.2031793356426582E-6
"55x900c";1.2123828992266494E-6
"33.1";1.2272132513743705E-6
"input";1.2313077646849805E-6
"lifestyl";1.285860928557786E-6
"furthermor";1.2978062507648658E-6
"trumot";1.3011292062208024E-6
"unwant";1.309128474629058E-6
"sweat";1.3435255596905622E-6
"kwh";1.34429924649041E-6
"27";1.3748193862790463E-6
"v4.0";1.3800322792257777E-6
"keyboard";1.3810501908861211E-6
"degre";1.3863706829341394E-6
"woofer";1.3900421635155229E-6
"4.4.4";1.3937448093164677E-6
"reflector";1.399667825802706E-6
"suhdtv";1.4103369531933221E-6
"plate";1.4147507754716146E-6
"nano";1.4160615202114119E-6
"divx";1.4162022115103007E-6
"1.5";1.4172762740608696E-6
"global";1.4230952648507122E-6
"forc";1.4268134865855035E-6
"113";1.4280825179377823E-6
"defin";1.4299704611868635E-6
"clock";1.4330637201195972E-6
"47";1.444291360680125E-6
"39500";1.4564107495290194E-6
"1gb";1.4699136211360973E-6
"immens";1.4872251801374004E-6
"wirelessli";1.5041068778873636E-6
"00";1.5083031816486231E-6
"32";1.5153082188578679E-6
"allshar";1.5211401674723008E-6
"sight";1.5502222197481336E-6
"28";1.5579649588250968E-6
"step";1.567728950634097E-6
"fun";1.580221460702148E-6
"540";1.5807132088833855E-6
"exist";1.5811877913472078E-6
"authent";1.5873783099316094E-6
"smartphone’";1.597261665458594E-6
"80";1.6008790848304135E-6
"mhz";1.611678849490776E-6
"budget";1.6196645464300503E-6
"might";1.6211147862953135E-6
"5.1";1.6237538872747205E-6
"consumpt";1.6278201343466418E-6
"clip";1.6311022813240202E-6
"mixer";1.632042388682517E-6
"earphon";1.6389095299767195E-6
"78";1.6486732974762256E-6
"54";1.6565786558452446E-6
"24.8";1.6576192854034166E-6
"millimet";1.6581672193896786E-6
"1.3";1.6627971213432555E-6
"msm8994";1.666396266458009E-6
"too";1.6786735544851018E-6
"lot";1.6837845302868082E-6
"mist";1.6873113386044192E-6
"directli";1.6911988757601183E-6
"concentr";1.7071255144544842E-6
"3x";1.7211943041360329E-6
"36.5";1.7233047801057386E-6
"5.0";1.7637894774948864E-6
"krait";1.7696699514378484E-6
"5.4";1.7850289731286624E-6
"en";1.7904427893568786E-6
"playback";1.7958565798113866E-6
"5.9";1.8137941948791637E-6
"devic";1.8252465638835447E-6
"search";1.8303634983152841E-6
"avc";1.8308052495924072E-6
"hdr";1.836935639578036E-6
"seamless";1.8428634023020737E-6
"legendari";1.8749178035426008E-6
"apple'";1.8804322546119213E-6
"profil";1.9009352072229884E-6
"32.5";1.914425500074786E-6
"slate";1.921201207514677E-6
"minimalist";1.921984959336962E-6
"hear";1.9303719137599514E-6
"xbox";1.9589904557697115E-6
"deep";1.9599071309885432E-6
"brighter";1.963214849413225E-6
"inbox";1.964782863646579E-6
"damag";1.96655007068315E-6
"512";1.972165039151874E-6
"bd";1.9747104815351733E-6
"stage";1.976814346233563E-6
"39800";1.986480088678709E-6
"76.1";2.0061799417309644E-6
"148.9";2.0061799417309644E-6
"svga";2.0156378582422317E-6
"nor";2.0250777827495424E-6
"wow";2.030422623215157E-6
"road";2.0358040690442603E-6
"ps";2.0593553803428854E-6
"instanc";2.059910701105422E-6
"wave";2.060195250632845E-6
"realist";2.0643589571690824E-6
"name";2.0852850255146153E-6
"43x830c";2.087193050661837E-6
"formabl";2.091185089758696E-6
"spice";2.1126605128448E-6
"1.4";2.1238256118910614E-6
"contrast";2.14093575117869E-6
"aural";2.154126990267999E-6
"69";2.1581013236497085E-6
"improv";2.158175943456895E-6
"amazingli";2.1586221721492382E-6
"y";2.1827966344566303E-6
"se315";2.1853252295764313E-6
"touchscreen";2.185372305267792E-6
"se846";2.1987559328582085E-6
"mode";2.209794375675894E-6
"configur";2.2226175507983337E-6
"2915";2.2233746449842884E-6
"dust";2.2258717947520705E-6
"212";2.2580551435764365E-6
"2458z00140";2.2580551435764365E-6
"199";2.2580551435764365E-6
"varieti";2.2708022197296003E-6
"yet";2.276346149976968E-6
"263";2.280067786236597E-6
"payment";2.293078517529006E-6
"underwat";2.298569124425034E-6
"busi";2.3168422031830983E-6
"transmitt";2.3455014346853917E-6
"400";2.3465341450216917E-6
"throughout";2.3495366726199868E-6
"akg";2.3565151967151667E-6
"shell";2.3639602870118324E-6
"actual";2.369503891550776E-6
"doesn’t";2.374070261493978E-6
"port";2.376590834399891E-6
"amaz";2.3839457768204744E-6
"premium";2.4114072138587797E-6
"1080i";2.41296341510662E-6
"reader";2.4184841397982887E-6
"anynet";2.418537392564809E-6
"cup";2.422349091150272E-6
"robust";2.4428081506492667E-6
"160";2.4723057515354174E-6
"79";2.4816396913127027E-6
"emerald";2.5095735313645053E-6
"multitask";2.5227247239731354E-6
"march";2.524450631388492E-6
"4.55";2.5306827637440816E-6
"16gb";2.5319374200056743E-6
"surf";2.537306558948304E-6
"se535";2.547010962184063E-6
"vocal";2.562929321241848E-6
"m7";2.568678246878467E-6
"won't";2.5759677469705533E-6
"16m";2.585455437596751E-6
"ey";2.601929039948436E-6
"600";2.609281230700174E-6
"spatial";2.6232268075760757E-6
"0.27";2.6388451238390856E-6
"varimot";2.664210996452881E-6
"1080p";2.66431122806546E-6
"67.5";2.6754108579892834E-6
"verizon";2.698210130122585E-6
"reliabl";2.7036870296426806E-6
"utmost";2.7390964563722697E-6
"44.4";2.7439411413951038E-6
"v3.0";2.747222526885082E-6
"bit";2.7637227066248853E-6
"soundstag";2.7719967429697817E-6
"280";2.775088139037301E-6
"moment";2.7784751748397354E-6
"adaptor";2.782757040885195E-6
"simplifi";2.8061844138723563E-6
"graphic";2.8062840726932655E-6
"768";2.8074239250200762E-6
"measur";2.807936832843901E-6
"rev";2.816611446239836E-6
"alcantara";2.8240645502993628E-6
"drop";2.830937099355252E-6
"z";2.856141920835111E-6
"meet";2.8628064583967675E-6
"articul";2.870418490744916E-6
"warm";2.8733899871207468E-6
"112";2.905967585502267E-6
"fingerprint";2.9129149122643187E-6
"happen";2.9158213997657317E-6
"snapdragon";2.921628602934856E-6
"musician";2.926744063547204E-6
"sunlight";2.9388567197685504E-6
"avchd";2.9406151536683417E-6
"gestur";2.9506177429928712E-6
"predict";2.9560384228739627E-6
"isight";2.9720905762213937E-6
"1xevdo";3.0081783833011273E-6
"suhd";3.0188016174118038E-6
"conveni";3.0208970125451194E-6
"polym";3.027149766573556E-6
"aqua";3.044221753817918E-6
"pass";3.057107623063559E-6
"repres";3.0713795906196772E-6
"instant";3.0831060913463987E-6
"taken";3.0899428103912377E-6
"voic";3.0899474533341146E-6
"19000";3.1012489153936507E-6
"talk";3.105176000106624E-6
"sacrif";3.1299944157799076E-6
"coil";3.139403358223651E-6
"0.42";3.1439271084010567E-6
"usb";3.1482360001724516E-6
"come";3.1530728705325673E-6
"last";3.1555396134588353E-6
"readi";3.1566757363680535E-6
"entri";3.176523608823588E-6
"31.1";3.181326684627804E-6
"steadi";3.1938410986562943E-6
"everywher";3.215184503626775E-6
"19.6";3.227767297574185E-6
"94";3.2374758077644434E-6
"3g";3.243938908029689E-6
"oxygen";3.27052113198098E-6
"pin";3.289081751024314E-6
"35.1";3.2924252217453093E-6
"cure";3.303132130191916E-6
"meter";3.303132130191916E-6
"cec";3.344225580100049E-6
"33.7";3.3552569124422997E-6
"laps";3.3570825662912083E-6
"produc";3.3580138233627738E-6
"un40ju6400";3.363781187532347E-6
"0.50";3.3790951109155044E-6
"11";3.38451583357736E-6
"arrai";3.3856136792807004E-6
"icon";3.408328252990319E-6
"pick";3.4091376725901325E-6
"64.5";3.4127884611007988E-6
"swipe";3.41733036857149E-6
"ge";3.4266699963117443E-6
"52";3.4288150857521293E-6
"cabl";3.4329067374489105E-6
"48.5";3.4376482734271418E-6
"215";3.445658656648135E-6
"accuraci";3.4520943907748528E-6
"xperia";3.4548218977641326E-6
"rgb";3.4550046079484358E-6
"tm1260c";3.4573368399314942E-6
"fold";3.463547820320449E-6
"len";3.4690703943031018E-6
"extra";3.4819177209601546E-6
"peripher";3.5273451831959596E-6
"adapt";3.536665853755645E-6
"backlight";3.57863898219146E-6
"grade";3.585467323633357E-6
"beautifulli";3.6055822792175236E-6
"wake";3.6233899864965627E-6
"33";3.6369053020131E-6
"line";3.641583632442262E-6
"adreno";3.644843419520552E-6
"delight";3.6455667843490353E-6
"pack";3.6563472307250963E-6
"bow";3.6779305754450697E-6
"ground";3.6800261623096695E-6
"intellig";3.698674157199274E-6
"second";3.715787424005449E-6
"social";3.7260341794153587E-6
"sony’";3.73007527481933E-6
"fit";3.735492067806865E-6
"compass";3.7444688999581106E-6
"prepaid";3.755867994472556E-6
"samsung";3.7612418984595783E-6
"360";3.768021760111747E-6
"k702";3.7712478757681578E-6
"braid";3.7735509325460026E-6
"excel";3.77617513757947E-6
"should";3.780259104686377E-6
"30fp";3.782458444561744E-6
"dial";3.790555472500776E-6
"33.3";3.810095297847993E-6
"boast";3.82640188553501E-6
"understand";3.828488109812815E-6
"overal";3.830734064035925E-6
"reduc";3.842808407021115E-6
"1020";3.8612219042371415E-6
"s720e";3.86846951446417E-6
"flac";3.87166720945643E-6
"armatur";3.918015631730609E-6
"pcm";3.924931881324478E-6
"capac";3.929113498413531E-6
"8.5";3.935746564188328E-6
"27.8";3.937047084879028E-6
"side";3.944400669732718E-6
"slo";3.956851158674196E-6
"102";3.958904809213808E-6
"8mp";3.962555924073852E-6
"pinpoint";3.9708949446701875E-6
"worri";3.98007408164876E-6
"snug";4.0212214047864056E-6
"4";4.0327304714750055E-6
"connectshar";4.032754594981652E-6
"leakag";4.05405645484816E-6
"nfc";4.0649981682534765E-6
"jack";4.068668835244095E-6
"known";4.073313118118564E-6
"portrait";4.081357759907166E-6
"ibook";4.103330573113897E-6
"61.1";4.106757128517682E-6
"28.1";4.147095637362133E-6
"distort";4.153502257795361E-6
"120";4.157802328410269E-6
"gyro";4.167147847685933E-6
"lifelik";4.167642023180524E-6
"exclus";4.180755504107702E-6
"hd600";4.181702351756394E-6
"onstag";4.188868935435779E-6
"gram";4.195559960496181E-6
"5c";4.21382345322345E-6
"1.0";4.21488435157298E-6
"reproduct";4.235926790676161E-6
"quick";4.240495708229212E-6
"solut";4.240606662268544E-6
"a7";4.257826651582822E-6
"logo";4.2683396885003985E-6
"environ";4.28053196635548E-6
"65x900c";4.326078055917441E-6
"offic";4.332121121148713E-6
"guidelin";4.347232604656054E-6
"22000";4.371934390096088E-6
"149";4.37481195618818E-6
"quickli";4.3870268891417485E-6
"4g";4.403308454749202E-6
"goal";4.405578043265566E-6
"canal";4.413199244443847E-6
"ecosystem";4.413631770135379E-6
"via";4.4203989677731406E-6
"4.9";4.427182322006007E-6
"text";4.427347815275703E-6
"detect";4.446069177200932E-6
"stai";4.473083809067822E-6
"5.51";4.4780194969255924E-6
"65x850c";4.481905057294924E-6
"32.9";4.4967052657153545E-6
"gpx";4.50085317675391E-6
"seek";4.503435916385343E-6
"citi";4.50651236303095E-6
"region";4.545969228621828E-6
"rang";4.551727628632325E-6
"vob";4.563549898575159E-6
"omni";4.633163462639672E-6
"heavier";4.642003227326406E-6
"under";4.64872572429457E-6
"imageri";4.6487318671253886E-6
"dimens";4.654055976945111E-6
"consol";4.666593633512544E-6
"job";4.70221397151898E-6
"boost";4.724796309436147E-6
"stereo";4.739845172892135E-6
"sever";4.745398264905548E-6
"pure";4.7457725710278454E-6
"thousand";4.746841650046205E-6
"doubl";4.750182088688075E-6
"27.6";4.752809427699789E-6
"densiti";4.76279412917795E-6
"6.0";4.767665960223827E-6
"facetim";4.769690765828172E-6
"xbr65x850c";4.771324736375254E-6
"fluid";4.784407623044006E-6
"though";4.812567022546321E-6
"12";4.814182955108066E-6
"plastic";4.815564814971624E-6
"lightweight";4.8179960798033745E-6
"cx";4.822442808640067E-6
"sure";4.8335422600146E-6
"2600";4.835979606054386E-6
"demo";4.8613451031701005E-6
"voltag";4.869171484259854E-6
"802.11ac";4.8796611515643826E-6
"jp";4.9098824265632335E-6
"7.6";4.933738212278783E-6
"28.2";4.936386480144825E-6
"you'd";4.957120888634484E-6
"ingeni";4.966415031224608E-6
"ol";4.981980450711771E-6
"91";5.020428530522512E-6
"head";5.032475448199991E-6
"autofocu";5.0342598158673675E-6
"isn't";5.0573748712888E-6
"snap";5.069776686888857E-6
"gyroscop";5.118159155985944E-6
"fill";5.142159205839131E-6
"369";5.154360811322455E-6
"turn";5.159745479394384E-6
"beat";5.162999664209066E-6
"qualcomm";5.163109374645826E-6
"medium";5.186612056755993E-6
"dure";5.202420562036804E-6
"stuff";5.2270872651733954E-6
"5.8";5.237939058167548E-6
"diamond";5.243210167091023E-6
"peopl";5.2701660646070885E-6
"quad";5.276664629424613E-6
"luxuri";5.282658179384971E-6
"didn't";5.2983961354262626E-6
"fp";5.304425470847277E-6
"125";5.3427528870059095E-6
"rich";5.345598750551886E-6
"uf6400";5.346610987260608E-6
"withstand";5.361309744318063E-6
"lg";5.392707425009269E-6
"40mm";5.425108731920165E-6
"engag";5.443173878212984E-6
"htc";5.449694741548721E-6
"10";5.453145131579799E-6
"two";5.462334969639204E-6
"tast";5.474442791680162E-6
"109";5.481978552391235E-6
"infrar";5.494313435969655E-6
"life";5.51030463674572E-6
"smooth";5.510363275720066E-6
"largest";5.529254661217563E-6
"kei";5.536170895116034E-6
"stabilis";5.543827402961464E-6
"board";5.546429380376738E-6
"640";5.552868313729109E-6
"0.4";5.56004304638584E-6
"durabl";5.561777825838308E-6
"dt";5.605446052431611E-6
"theater";5.625168920933801E-6
"wear";5.629385703336508E-6
"un65ju7100";5.6363652810829945E-6
"326";5.66300198226238E-6
"what'";5.674265151848593E-6
"0.39";5.687615635541991E-6
"remark";5.705217352792998E-6
"lit";5.715932269717257E-6
"3.0";5.747126064843417E-6
"enthusiast";5.751942195591674E-6
"flang";5.75468222946407E-6
"along";5.758303857425849E-6
"transport";5.766317146763345E-6
"would";5.817988957093601E-6
"convert";5.835844492777019E-6
"obviou";5.851381144386399E-6
"pixel";5.864367079943105E-6
"700";5.870734529034083E-6
"seri";5.879087361865196E-6
"thank";5.880006380317098E-6
"textur";5.888411796749608E-6
"3.06";5.8956772671442395E-6
"acceler";5.904920097280636E-6
"520";5.908412270791939E-6
"advanc";5.9238235680575185E-6
"rf";5.961513626081573E-6
"tx200u";5.985787808762688E-6
"dual";6.0166002401191015E-6
"cortex";6.028405671659612E-6
"spec";6.033809227979237E-6
"seamlessli";6.035619180254099E-6
"22";6.038940751107967E-6
"diaphragm";6.058281611995444E-6
"55x800b";6.071490985251901E-6
"live";6.087172170761912E-6
"build";6.095597770197723E-6
"lumia";6.119412697555855E-6
"built";6.122376086952225E-6
"proxim";6.148543328887669E-6
"4.2";6.153934831006706E-6
"memo";6.172570539260836E-6
"multipl";6.1764702267145505E-6
"z5";6.199306162200869E-6
"rear";6.21623786457371E-6
"truli";6.222925265566133E-6
"720p";6.235849569511174E-6
"23";6.241340396470271E-6
"45";6.250817475294992E-6
"tip";6.2587979924588755E-6
"remain";6.263518539624383E-6
"when";6.287088927892955E-6
"intens";6.30151014836585E-6
"eco";6.31660657035141E-6
"mini";6.316999592459314E-6
"night";6.358782908664476E-6
"certifi";6.376313462641038E-6
"semi";6.389030211515455E-6
"platform";6.394294353508577E-6
"microdriv";6.420264043620338E-6
"view";6.427204842826061E-6
"front";6.433746423444725E-6
"infin";6.4408015760727966E-6
"1136";6.4642910286112285E-6
"displai";6.4726066479654555E-6
"simpler";6.498587650709958E-6
"set";6.509312442097898E-6
"held";6.5095451364811235E-6
"cast";6.513434878996119E-6
"241";6.54164474360194E-6
"spaciou";6.555841617768499E-6
"certif";6.559339561230075E-6
"symmetr";6.559961398873196E-6
"facilit";6.559961398873196E-6
"mom";6.5613821568777375E-6
"now";6.561560722994793E-6
"charger";6.564262880967185E-6
"flash";6.582975723313329E-6
"sennheis";6.595635626247525E-6
"backsid";6.623297787293611E-6
"showcas";6.624431553398915E-6
"4s";6.6390209219098365E-6
"matter";6.655148796895537E-6
"befor";6.684448945312226E-6
"compact";6.685249028902732E-6
"afford";6.696564380760921E-6
"natur";6.70513740708339E-6
"they'r";6.709438411620752E-6
"tuner";6.729585645431045E-6
"everi";6.74342254752274E-6
"5.64";6.745269883516621E-6
"sonic";6.753351890969456E-6
"1x";6.768003700604371E-6
"intern";6.778549947736254E-6
"redesign";6.780448944994691E-6
"anywher";6.811673106796984E-6
"smile";6.816538621647267E-6
"exyno";6.816929907697486E-6
"size";6.8199811623637346E-6
"surpris";6.836695051942732E-6
"eas";6.852173764901673E-6
"rug";6.862883375933007E-6
"chrome";6.8963408626411215E-6
"five";6.927594191603794E-6
"qhd";6.929049464285885E-6
"grei";6.934807065924667E-6
"hd555";6.938854571762157E-6
"prepar";6.939910652860488E-6
"53";6.9545399573565925E-6
"4x";6.972164586481651E-6
"isol";6.976751730832857E-6
"aerospac";7.02363206532032E-6
"8.4";7.056460151071836E-6
"intermodul";7.089298902859548E-6
"proprietari";7.090354147965688E-6
"ic";7.113627243090798E-6
"class";7.125505994453487E-6
"attenu";7.127085064549715E-6
"brush";7.178517783853314E-6
"harman";7.194816601468241E-6
"seven";7.210831481713892E-6
"uhdtv";7.2192755152349795E-6
"mah";7.228670558254115E-6
"fall";7.232665349632568E-6
"chat";7.244052930506983E-6
"lollipop";7.249436154079756E-6
"you'll";7.29704246444252E-6
"40";7.309862213753554E-6
"piec";7.346267376141864E-6
"space";7.3574095925178185E-6
"scroll";7.357854285233202E-6
"transient";7.381757992999479E-6
"bright";7.384451380020637E-6
"lens";7.421646859441522E-6
"reveal";7.477472956567935E-6
"amplifi";7.47898563976658E-6
"instantli";7.494379844391434E-6
"necessari";7.49549495589598E-6
"soft";7.509103544251026E-6
"slim";7.5149537154193245E-6
"hous";7.528528551934235E-6
"shine";7.534800023339255E-6
"vibrant";7.561931626765103E-6
"photo";7.578396067278259E-6
"level";7.60617261042016E-6
"0.37";7.624167246565033E-6
"paint";7.63304364479615E-6
"secondari";7.656609912447E-6
"per";7.65881053515615E-6
"announc";7.664177152905709E-6
"aluminum";7.681816838346703E-6
"ohm";7.68776104151061E-6
"favorit";7.716312271574083E-6
"frost";7.716807816556329E-6
"superior";7.72411981215821E-6
"upscal";7.76139116822312E-6
"tight";7.774629938224058E-6
"three";7.918231953418212E-6
"b";7.933411833666243E-6
"appear";7.955651427444062E-6
"split";7.984486120181801E-6
"standard";8.002258171028781E-6
"processor";8.013865297938614E-6
"uniqu";8.029997511469693E-6
"inch";8.043722417606846E-6
"2gb";8.055395864932106E-6
"done";8.072406519403236E-6
"doubt";8.087701748263928E-6
"cinemat";8.095344695459848E-6
"8.0mp";8.096832494643762E-6
"player";8.14025205730477E-6
"onlin";8.159619711419634E-6
"white";8.167919835519832E-6
"capabl";8.182939777997986E-6
"bluetooth";8.219986425619312E-6
"that'";8.223992206598098E-6
"show";8.23494663397381E-6
"youtub";8.23507454374507E-6
"hd650";8.290122031621994E-6
"14";8.306382425357466E-6
"ivori";8.350007264167417E-6
"express";8.375814996072437E-6
"stun";8.393982839831966E-6
"1.00";8.490001509053186E-6
"4.5";8.491101312746614E-6
"xxl";8.504087110863341E-6
"exmor";8.524024871338758E-6
"vibrat";8.55328902024907E-6
"run";8.56940364404212E-6
"lock";8.597776916471206E-6
"caption";8.607740043092786E-6
"cancel";8.636872599036447E-6
"whether";8.656169636885627E-6
"insid";8.786560048207446E-6
"a5";8.78959891988584E-6
"power";8.814946111176266E-6
"desir";8.82387744550678E-6
"calendar";8.826089313132817E-6
"addit";8.904192758237772E-6
"brows";8.916469160148482E-6
"edit";8.933075950509178E-6
"bigger";8.95684490853318E-6
"calibr";8.985496457602224E-6
"magnet";9.030451482132265E-6
"ghz";9.050054060856049E-6
"far";9.073266719423741E-6
"perform";9.10378028454201E-6
"aspect";9.160989543908295E-6
"click";9.19656557784714E-6
"human";9.202462874226616E-6
"105";9.224611291292492E-6
"home";9.277595302356297E-6
"bring";9.300205471474588E-6
"io";9.374247856634883E-6
"108";9.388668263627525E-6
"ul";9.395576164943163E-6
"65";9.435334494063328E-6
"650";9.447188967601217E-6
"l";9.492841086569397E-6
"digit";9.514068298164058E-6
"enclosur";9.545474881660705E-6
"purchas";9.54584952841757E-6
"mp";9.5501294030596E-6
"biggest";9.555936142328924E-6
"simpli";9.592777297468685E-6
"button";9.596624997650592E-6
"carrier";9.672806945378612E-6
"previou";9.685253722441223E-6
"ui";9.73542391520272E-6
"shure";9.774061899728119E-6
"300";9.840535299025701E-6
"acoust";9.87848938245172E-6
"we'll";9.887507713871903E-6
"scan";9.901128045402066E-6
"pristin";9.982169446702614E-6
"810";1.000373212372424E-5
"slow";1.0004619546356832E-5
"5.2";1.005132620647065E-5
"director";1.0087784591969641E-5
"2g";1.0098141351744875E-5
"635";1.0136707181741117E-5
"element";1.0162757371405475E-5
"convers";1.0219562557911311E-5
"deliv";1.022941136586016E-5
"pictur";1.0246621057076175E-5
"56.5";1.0261454673404043E-5
"listen";1.0297710035690657E-5
"qam";1.0322013997406692E-5
"54.6";1.0433315949609154E-5
"sun";1.0443880684024793E-5
"ident";1.0449399812755217E-5
"m8";1.0480697638785494E-5
"pai";1.0490144559221625E-5
"combin";1.0523375289382069E-5
"zoom";1.0528019159316303E-5
"sophist";1.0566809715216962E-5
"silicon";1.0683713825212094E-5
"30";1.0688254875032961E-5
"simultan";1.0763327231303691E-5
"mute";1.0775654779263122E-5
"disc";1.0786315463023367E-5
"axi";1.079769530215472E-5
"ethernet";1.0851607101707575E-5
"requir";1.085925853109817E-5
"micro";1.0859735519251593E-5
"scratch";1.0939136642498272E-5
"what";1.098018242326157E-5
"802.11";1.0982432887556758E-5
"style";1.10266906403152E-5
"sport";1.102966399344147E-5
"sold";1.105149261599946E-5
"se425";1.1053665667287368E-5
"dim";1.1058812421242227E-5
"ahead";1.10761159194811E-5
"goe";1.1107804843022985E-5
"mirror";1.1242858940928974E-5
"k712pro";1.1268941549324226E-5
"corn";1.1301514124897622E-5
"effect";1.1316752101904354E-5
"over";1.1333650024703478E-5
"bud";1.1365652196050316E-5
"panel";1.138261184248444E-5
"30p";1.1387623110895636E-5
"ipad";1.1390624268867514E-5
"read";1.140820966292263E-5
"near";1.1442307267069776E-5
"televis";1.1492031776013444E-5
"a2dp";1.159073671391E-5
"iphon";1.1595721006457107E-5
"laser";1.1600849195761084E-5
"hand";1.1634141662658008E-5
"studio";1.1649490220113943E-5
"compli";1.1686384516097439E-5
"newest";1.179306592315188E-5
"transduc";1.1845550729786122E-5
"genuin";1.185629194786278E-5
"mount";1.1882302074123045E-5
"email";1.1952414900186392E-5
"2.74";1.2090238293478023E-5
"gorgeou";1.2116596794396403E-5
"000";1.2195165200591489E-5
"do";1.2235563599009385E-5
"never";1.2238382797686805E-5
"regardless";1.225293003948415E-5
"fast";1.2271774722826174E-5
"anoth";1.2301703111596441E-5
"realiti";1.2367479646418177E-5
"seen";1.2399042853772195E-5
"them";1.2510344245660271E-5
"net";1.2563344431499294E-5
"everyth";1.2643820786831413E-5
"amol";1.2665713079545093E-5
"channel";1.26703682785186E-5
"interest";1.2794326313816191E-5
"most";1.280541488778105E-5
"contain";1.2832392239661922E-5
"802.11b";1.2882187447672486E-5
"f";1.291940734193006E-5
"recycl";1.3060919748416656E-5
"talktim";1.3092217074049846E-5
"ever";1.311166084061624E-5
"g4";1.3144444622556129E-5
"steel";1.314864877064321E-5
"entir";1.318941743429018E-5
"placement";1.3357346980415186E-5
"art";1.3357816991483445E-5
"portabl";1.3465651706866743E-5
"combo";1.3510271087685919E-5
"type";1.3590091354178668E-5
"43";1.36317523887668E-5
"135";1.3723067987802046E-5
"264";1.3781039752705504E-5
"mani";1.3837696032416324E-5
"pro";1.3866127934315559E-5
"kit";1.3890534234883671E-5
"point";1.3894150564737842E-5
"enabl";1.3911574727495446E-5
"larg";1.4008981240924036E-5
"connector";1.4014442441013207E-5
"experi";1.4062166522422357E-5
"method";1.4105508010599612E-5
"radio";1.4229273518133153E-5
"also";1.426634704327259E-5
"netflix";1.4356985504549768E-5
"0.38";1.4456839649578529E-5
"packag";1.4486631116177192E-5
"compon";1.4608573227838965E-5
"date";1.465031104132744E-5
"can't";1.4668635675025438E-5
"true";1.4670182940357287E-5
"960";1.4674019872815274E-5
"headband";1.4742474366702862E-5
"messag";1.4746762768132454E-5
"onli";1.4752911259334E-5
"experienc";1.481963672575923E-5
"ntsc";1.4860500427096507E-5
"even";1.4899769475244977E-5
"intric";1.4938746959672438E-5
"further";1.5006417163553103E-5
"look";1.5029821986667972E-5
"result";1.503873568756189E-5
"design";1.5047961275897436E-5
"extens";1.5073310561167152E-5
"facebook";1.5142504896517858E-5
"hulu";1.5157146349520912E-5
"grado";1.5193235871675424E-5
"1.3mp";1.5240056337120864E-5
"ha";1.5373849951138737E-5
"lamin";1.5473136469800527E-5
"within";1.5505022865178627E-5
"download";1.5712812060045104E-5
"benefit";1.5841956939835552E-5
"intuit";1.5872371019329083E-5
"start";1.588514661055972E-5
"v2.0";1.599719016638396E-5
"pool";1.601907474781617E-5
"sign";1.6130145536285276E-5
"aac";1.6178391421374418E-5
"enrol";1.6212540933803406E-5
"2.0";1.621512225161249E-5
"ear";1.6234710366596987E-5
"lte";1.652584193830844E-5
"frame";1.6701935731720016E-5
"print";1.6704095502280164E-5
"real";1.6715232338835747E-5
"hotel";1.6829884406533032E-5
"qualiti";1.695285350215963E-5
"clean";1.696681755904611E-5
"refresh";1.7003213879546587E-5
"perfect";1.7013103831898586E-5
"import";1.7021010481135167E-5
"equal";1.707395147423484E-5
"timer";1.720797003808641E-5
"act";1.722419379214502E-5
"refer";1.7303425423005976E-5
"hd";1.734301051558939E-5
"allow";1.7409934059251246E-5
"access";1.7559193026920432E-5
"platinum";1.7580180687552056E-5
"wait";1.7618228329693592E-5
"puls";1.781603727369686E-5
"accur";1.782846204192385E-5
"decid";1.8057683103719566E-5
"guarante";1.8124771064650068E-5
"desktop";1.8126430854015208E-5
"handl";1.821358912778518E-5
"count";1.84327922239449E-5
"touch";1.847118401811633E-5
"send";1.854969145707934E-5
"holidai";1.858916329406199E-5
"dc";1.86942099622096E-5
"part";1.875089939807233E-5
"todai";1.8857478414903124E-5
"galaxi";1.888019126684078E-5
"librari";1.893766834663781E-5
"member";1.906229138108552E-5
"america";1.9084846568383675E-5
"clearli";1.915159179320387E-5
"file";1.9166405845720335E-5
"order";1.9249589021838396E-5
"about";1.9391900687142278E-5
"remot";1.953880088516387E-5
"period";1.9597260874705358E-5
"android";1.9641861841862918E-5
"onc";1.9757067708595936E-5
"imagin";1.9877103264642022E-5
"outdoor";1.9988763153094337E-5
"awai";2.0112550151923285E-5
"craft";2.0199398229287045E-5
"navig";2.0262574715893514E-5
"flexibl";2.04049327901982E-5
"umt";2.048734897968892E-5
"6p";2.0555250814603687E-5
"link";2.1314592422610784E-5
"air";2.135845717923335E-5
"55eg9100";2.1361755050763355E-5
"focu";2.1533214925637473E-5
"9969";2.1543859744305865E-5
"gp";2.1546006143188185E-5
"silver";2.1559350964223586E-5
"speed";2.1573222749134233E-5
"expand";2.1626330339445034E-5
"glass";2.169460621954729E-5
"preview";2.186014143171581E-5
"movi";2.212823440928127E-5
"destin";2.2215448367937738E-5
"carefulli";2.2219408997186073E-5
"just";2.2317535926710633E-5
"h";2.240442324875901E-5
"chang";2.2516537792622175E-5
"updat";2.25417247105117E-5
"again";2.2548798096619366E-5
"small";2.2593281220403252E-5
"relax";2.327592997778867E-5
"24p";2.3574649120161866E-5
"becom";2.3719880890562E-5
"xbr55x850c";2.3791394259658344E-5
"ideal";2.386397388838687E-5
"bui";2.4056435936354284E-5
"greater";2.4185172296585053E-5
"900";2.4192860207776336E-5
"next";2.4215409878993482E-5
"categori";2.4978276787831306E-5
"mkv";2.5134660141931686E-5
"breathtak";2.5235238975631572E-5
"doe";2.5553833232548487E-5
"form";2.5937190073170425E-5
"wmv";2.795867878808522E-5
"place";2.834601157943139E-5
"hardwar";2.8456801905130433E-5
"clear";2.847218229804854E-5
"6";2.8661011566892527E-5
"enough";2.8878772176429816E-5
"5";2.9206688881654992E-5
"daili";3.0239425842557553E-5
"applic";3.033485701027218E-5
"don't";3.143285918952679E-5
"hz";3.1598937561645485E-5
"hdmi";3.1682619003923456E-5
"sound";3.298844906515242E-5
"overview";3.3595365860706686E-5
"1440";3.4460015896396564E-5
"get";3.538051034605988E-5
"accessori";3.596331968603846E-5
"avail";3.5965227517864485E-5
"invit";3.687216057424703E-5
"dai";3.733974067379572E-5
"below";3.73900000239992E-5
"unlock";3.774587594855944E-5
"log";3.8053001976533164E-5
"new";3.86289519301014E-5
"x";3.866461334093278E-5
"se215";4.114148877022196E-5
"approv";4.1824215874284104E-5
"everyon";4.206915532933885E-5
"let";4.4585755869947865E-5
"watch";4.68945162271534E-5
"automat";4.697983136635697E-5
"dock";4.7137185545032077E-5
"minimum";4.721809355586479E-5
"duti";4.8511351188773155E-5
"can";4.9124555977502724E-5
"provid";4.9172179046079716E-5
"network";4.931444736962741E-5
"hi";4.94801288677982E-5
"back";4.968605060323297E-5
"list";5.1449618445123754E-5
"3";5.3501147084494535E-5
"offer";5.369753231557855E-5
"how";5.392969912891838E-5
"pleas";5.418223212249815E-5
"custom";5.8131619624895544E-5
"lb";5.8922342937092924E-5
"led";6.060576105259047E-5
"card";6.095942882349429E-5
"site";6.133070394764423E-5
"locat";6.205465345892139E-5
"crisper";6.441639138039064E-5
"our";6.493965594854025E-5
"term";6.945197797653496E-5
"recommend";6.98260065656165E-5
"treatment";7.210410777096395E-5
"4k";7.253565395157092E-5
"model";7.326503344545417E-5
"french";7.395370482782473E-5
"map";7.543234931142175E-5
"brand";7.811749681368367E-5
"up";7.940999749344296E-5
"see";8.549569322832339E-5
"momentum";8.600955913330363E-5
"2160";8.714914703073465E-5
"english";8.978132131750776E-5
"44.1";9.060892690483378E-5
"first";9.37544219148778E-5
"34.8";1.0106315740725772E-4
"phone";1.0135908239789972E-4
"1080";1.0989904548869296E-4
"calcul";1.1102503917669746E-4
"electron";1.1171423076156988E-4
"resolut";1.1470714726556405E-4
"ask";1.161045362841681E-4
"infinit";1.1748206832502508E-4
"than";1.1800370017793603E-4
"higher";1.262693590028075E-4
"make";1.2773930952615214E-4
"definit";1.3389873170715352E-4
"end";1.3798001736109442E-4
"850";1.439381817814366E-4
"page";1.468309606718469E-4
"other";1.496590975832727E-4
"time";1.4984566122516036E-4
"top";1.6335271100208855E-4
"video";1.8969635516888364E-4
"help";2.1000462562460964E-4
"1";2.2293606164678454E-4
"wi";2.461068687003769E-4
"all";3.3986355418042896E-4
"iei";5.805400285726278E-4
"wealth";0.0012981717498496833
"multifunct";0.0012981717498496833
"tunnel";0.0012981717498496833
"69.7";0.0013039955352708785
"hdtv1";0.0013840508866857896
"840";0.0013840508866857896
"080";0.0013840508866857896
"ulp";0.0013863543154974168
"tegra";0.0013863543154974168
"lcd2";0.0013863543154974168
"2840mah";0.0016834800349947911
"144.6";0.0016834800349947911
"revers";0.0020720535466828864
"envis";0.0020720535466828864
"504631";0.0020749202645990506
"4gw";0.0020779476097107343
"bp";0.0020779476097107343
"caress";0.002079654384317991
"passcod";0.0020875089213675748
"futurist";0.0020875089213675748
"32.8";0.002397742076934502
"un60js7000";0.002397742076934502
"14.5";0.002397742076934502
"363d";0.0024049496403460257
"circul";0.0024049496403460257
"facil";0.0024049496403460257
"1.9";0.0025307721265144796
"versatil";0.002930741853466652
"y55";0.002930741853466652
"7.7";0.0029352270212932574
"23.3";0.0029352270212932574
"558";0.0029377025722353654
"48.2";0.004140981954763967
"md276ll";0.0041476783948663585
"260";0.00414845120100002
"ultrafast";0.004150462920013959
"4.72";0.0041504766324185725
"2.52";0.0041504766324185725
"un50js7000";0.004151353186331464
"md636ll";0.004152053343958657
"2.1ghz";0.004152571690339461
"4.27";0.004152895583178529
"2800";0.004153658577132117
"xbr65x930c";0.004154312372023153
"00027242887824";0.004155992935405596
"xbr65x950b";0.004156085270198911
"airdrop";0.004156257562091922
"202";0.004157457234816091
"touchpad";0.004157825300638937
"shimmeri";0.00416327278662844
"chassi";0.0044640710593908325
"beneath";0.00587125157688187
"k309";0.005871441079293244
"280pro";0.00587288497753872
"q460";0.0058728871736272725
"5.54";0.005906532714274692
"5.69";0.005906532714274692
"assur";0.005936960504388504
"lighter";0.006382735362826044
"un60js7000fxza";0.0071920709887685974
"2840";0.00814672580795079
"te1384b";0.0083010490332984
"tde1982b";0.008304935093517436
"un48ju6400";0.008306974482684318
"xbr55x900c";0.00929445668838838
"xbr55x800b";0.010171397727791541
"wireform";0.010967967726638266
"1560";0.011743593154403001
"4gb";0.011746189539816123
"23mp";0.012440605381866296
"un40ju6400fxza";0.012457925394940048
"43uf6400";0.013122556259092717
"2550";0.013776292198301504
"tde1384b";0.014372301517477244
"slider";0.015496149160329377
"xbr43x830c";0.015540359594586106
"55eg9600";0.01624015028730997
"concert";0.0180697162989909
"65eg9600";0.019998053401899765
"srh440";0.02383855706221054
"k712";0.02690312619374182
