"approv";-0.0079870873867026
"purchas";-0.003503840204649762
"is410";-0.001036248125409773
"arm";-5.92000544814129E-4
"boom";-5.92000544814129E-4
"fi";-4.1093991925517006E-4
"interest";-3.5132663976522436E-4
"att3";-3.2855093986494774E-4
"5.65";-3.2444037071624227E-4
"2.78";-3.2444037071624227E-4
"meant";-2.8959069151851535E-4
"3x";-2.8959069151851535E-4
"gather";-2.8959069151851535E-4
"baromet";-2.8959069151851535E-4
"streamlin";-2.8959069151851535E-4
"roam";-2.8959069151851535E-4
"password";-2.346826422219473E-4
"tv";-1.9518092755677492E-4
"3840";-1.3328227812542945E-4
"signal";-1.294542087024776E-4
"few";-1.008275768424821E-4
"xbr";-9.609322961973923E-5
"avi";-8.495795986420199E-5
"6p";-7.773653076965925E-5
"cabl";-7.760406355082606E-5
"exactli";-5.6499442838905956E-5
"4.87";-5.481180627711635E-5
"led";-5.413591542619681E-5
"sure";-5.308593966318355E-5
"headphon";-5.103993232268449E-5
"galaxi";-4.864714901828011E-5
"xperia";-4.835192413012715E-5
"gorilla";-4.6826455105555647E-5
"0.27";-4.4784565454919294E-5
"minim";-4.264841032077367E-5
"advantag";-4.058263253248055E-5
"got";-4.012812046217509E-5
"stuff";-3.751942466638687E-5
"assist";-3.751942466638687E-5
"lte";-3.262555168138129E-5
"increas";-3.176413818697932E-5
"becaus";-3.130469398567037E-5
"command";-3.055769504964776E-5
"1080";-2.9791288867033124E-5
"momentum";-2.97831760648834E-5
"wma";-2.4701791322878283E-5
"place";-2.366758999598191E-5
"5.7";-2.0531246689647724E-5
"a8";-2.0124086411641567E-5
"machin";-1.9092677677015266E-5
"below";-1.9092677677015266E-5
"cx";-1.7672561970303452E-5
"gpx";-1.7279236309887167E-5
"compon";-1.6250992284460317E-5
"4.7";-1.5666861965704293E-5
"everywher";-1.5249962605613303E-5
"widest";-1.5238102166460107E-5
"6";-1.5192758375938843E-5
"stereo";-1.51519905731438E-5
"ohm";-1.5106736822129827E-5
"replac";-1.4595745964234236E-5
"webo";-1.4156609314648627E-5
"xbr55x850c";-1.3411990257200523E-5
"excel";-1.3115716777223362E-5
"oz";-1.2892414695506692E-5
"chassi";-1.2834388178303423E-5
"electron";-1.2703989815603599E-5
"v4.0";-1.2485481118405112E-5
"cushion";-1.2288119653485582E-5
"akg";-1.2230974091356069E-5
"700";-1.1618448362775424E-5
"health";-1.138684928238644E-5
"unlock";-1.1213005389810264E-5
"io";-1.0897910383785882E-5
"3gb";-1.063854700425869E-5
"shortcut";-1.0265409538246844E-5
"thank";-1.000517726465119E-5
"send";-9.86826816099106E-6
"uhdtv";-9.85913474282096E-6
"sony’";-9.81635375092261E-6
"lpcm";-9.726157337670502E-6
"drive";-9.678271561300734E-6
"via";-9.584499063983371E-6
"start";-9.566455210818173E-6
"16gb";-9.484040141765813E-6
"highli";-9.30883166318393E-6
"gb";-9.241229169898785E-6
"3g";-9.164510021459414E-6
"a57";-9.158184765397829E-6
"catch";-9.067414429024426E-6
"atsc";-9.04097909464223E-6
"dlna";-9.020921873681442E-6
"2.0";-8.825263912383549E-6
"headset";-8.759909699604459E-6
"sleev";-8.698858162809603E-6
"bui";-8.664527204601432E-6
"divx";-8.658490448870251E-6
"special";-8.15805480840464E-6
"clean";-8.111284738590335E-6
"19.6";-8.076179416741143E-6
"head";-7.749305867314586E-6
"htc";-7.655558264495904E-6
"pearl";-7.599505406796769E-6
"canal";-7.3069432258224265E-6
"infinit";-7.261589552691481E-6
"littl";-6.984244917057988E-6
"5.5";-6.8531880057615905E-6
"transpar";-6.852159984417377E-6
"symmetr";-6.852159984417377E-6
"element";-6.852159984417377E-6
"enjoy";-6.852159984417377E-6
"finest";-6.852159984417377E-6
"facilit";-6.852159984417377E-6
"000";-6.524299587275066E-6
"audiophil";-6.463761635492216E-6
"bundl";-6.46271971259469E-6
"angl";-6.205021428671784E-6
"g";-6.196374741290495E-6
"detail";-6.192526674451467E-6
"thread";-6.098226662718496E-6
"protect";-6.071053367693555E-6
"longer";-5.972674692093891E-6
"b";-5.890220436445881E-6
"headband";-5.836321022658492E-6
"microsd";-5.8144450022154515E-6
"hd650";-5.70696224874137E-6
"shutter";-5.673892462481622E-6
"sony'";-5.657563819701651E-6
"mai";-5.631361081556013E-6
"just";-5.535626809143442E-6
"acoust";-5.506573808534067E-6
"326";-5.3914389999097645E-6
"store";-5.330822169445326E-6
"driver";-5.283251687431987E-6
"cortex";-5.228825915838431E-6
"quick";-5.127836692132957E-6
"slo";-5.1247719527677815E-6
"mo";-5.1247719527677815E-6
"main";-4.972974375739604E-6
"smart";-4.972454966881558E-6
"2";-4.8256908986221356E-6
"1080p";-4.818562691608769E-6
"a2dp";-4.705567926529836E-6
"oper";-4.696888359944414E-6
"earbud";-4.5937252175845544E-6
"top";-4.574461590299214E-6
"understand";-4.553451262485024E-6
"snug";-4.553451262485024E-6
"versatil";-4.553451262485024E-6
"overal";-4.553451262485024E-6
"everyon";-4.539471857403502E-6
"switch";-4.451602804093034E-6
"redesign";-4.414696354232525E-6
"over";-4.413836659877081E-6
"mountabl";-4.398454258455579E-6
"seat";-4.385584431644713E-6
"capacit";-4.326818637753857E-6
"edit";-4.30916782804394E-6
"instant";-4.2551938352596776E-6
"42.8";-4.185217924203019E-6
"stage";-4.1532884913373855E-6
"stai";-4.13114651661578E-6
"blur";-3.978290803865653E-6
"meet";-3.970696044724303E-6
"print";-3.870396971074341E-6
"download";-3.816996046537098E-6
"take";-3.754938771119399E-6
"shell";-3.733471500989334E-6
"memori";-3.6016666659456956E-6
"visual";-3.588544772006267E-6
"further";-3.559683308608898E-6
"temper";-3.4707515876123156E-6
"window";-3.443648946650102E-6
"big";-3.4132621914155677E-6
"17";-3.351737004973071E-6
"sunlight";-3.311346771762146E-6
"pad";-3.306453277343406E-6
"equal";-3.2841168509595633E-6
"friend";-3.135340870452988E-6
"transmit";-3.1339074884720763E-6
"49.5";-3.086064499589064E-6
"futur";-3.0764757616291716E-6
"comput";-3.0515409323627132E-6
"subwoof";-3.026377015611804E-6
"mhz";-3.0018214090404838E-6
"movi";-2.9708063123236924E-6
"effortlessli";-2.8774586994777945E-6
"48.4";-2.7632989482301307E-6
"topaz";-2.7632281085485233E-6
"model";-2.737218522266794E-6
"480";-2.7310615888899784E-6
"industri";-2.7112565603216004E-6
"monitor";-2.6287519514313134E-6
"keyboard";-2.60607135462625E-6
"crack";-2.604561473220377E-6
"clip";-2.6011250791072526E-6
"outer";-2.498948157072145E-6
"robust";-2.4749920985402537E-6
"8.3";-2.471252201939726E-6
"earcup";-2.4193650487706343E-6
"14";-2.3670443432917063E-6
"find";-2.3437525066668434E-6
"small";-2.285100328006627E-6
"sharp";-2.264191123149185E-6
"interfac";-2.2610483146612292E-6
"heavi";-2.2533079352219842E-6
"back";-2.234893437476934E-6
"recycl";-2.2143874037042796E-6
"simpl";-2.191255941434787E-6
"35.5";-2.1882913003131765E-6
"glonass";-2.1787275145061975E-6
"cell";-2.1404576921817584E-6
"handl";-2.1370834256866436E-6
"backlight";-2.0960882096595897E-6
"24";-2.0920169928403823E-6
"breathtak";-2.017751571958169E-6
"press";-2.0172080159852872E-6
"1gb";-1.9881586066326784E-6
"brush";-1.975272722574241E-6
"date";-1.902512541427267E-6
"24p";-1.8760542736584234E-6
"lifestyl";-1.854906471266768E-6
"fill";-1.8270353052587943E-6
"beat";-1.8059341424357763E-6
"discov";-1.8046922671992517E-6
"leather";-1.7593366138206334E-6
"36.8";-1.7422503924657405E-6
"sleep";-1.6676802218563476E-6
"cpu";-1.6394207926907104E-6
"durabl";-1.6130694502325925E-6
"duofol";-1.602281353478091E-6
"8.0mp";-1.5953676716119747E-6
"4x";-1.5830222777331402E-6
"walk";-1.5806383097055565E-6
"goal";-1.5806383097055565E-6
"resist";-1.541312676696808E-6
"beauti";-1.5344100967005516E-6
"after";-1.519769632376232E-6
"imped";-1.4723648844611423E-6
"shure";-1.461020983362744E-6
"exterior";-1.4441417132940622E-6
"60";-1.4365164594158604E-6
"uniqu";-1.3829218103726844E-6
"cool";-1.3826236549418227E-6
"choos";-1.3608217676460647E-6
"ir";-1.3294922799438058E-6
"down";-1.316585100422877E-6
"luxuri";-1.2999273081030153E-6
"4.3";-1.2562434986507567E-6
"v2.0";-1.246110913053801E-6
"hotspot";-1.246110913053801E-6
"js9000";-1.214419039038811E-6
"tv'";-1.2024958730280297E-6
"consol";-1.1514975364353778E-6
"pack";-1.130653278834902E-6
"organ";-1.1087116337190651E-6
"superl";-1.0920160302068107E-6
"happen";-1.0691859876205134E-6
"second";-1.0392003547093735E-6
"att";-1.031808858782332E-6
"facetim";-1.0315629722753216E-6
"l";-9.98623525644629E-7
"hulu";-9.952182363286936E-7
"outsid";-9.915881120474423E-7
"better";-9.673079702822982E-7
"where";-9.662082629882662E-7
"53.7";-9.458104770279302E-7
"00";-9.217113112194663E-7
"run";-9.11431954458454E-7
"surround";-9.08257442078491E-7
"automat";-8.748859854108696E-7
"that'";-8.431384262979344E-7
"se846";-8.248325334633561E-7
"insul";-8.146737269541858E-7
"turn";-7.947714915476547E-7
"cl";-7.732783421469935E-7
"predict";-7.69350864615213E-7
"transit";-7.551578308186884E-7
"virtual";-7.526286832674686E-7
"green";-7.363020245441422E-7
"earpad";-7.175563716158352E-7
"verizon";-7.107448102318392E-7
"hdtv";-7.013609902420718E-7
"compat";-6.725818394075287E-7
"52.7";-6.703084945097225E-7
"definit";-6.56311683927286E-7
"1.4";-6.460915394173293E-7
"sever";-6.361399966005842E-7
"you'd";-6.361399966005842E-7
"partner";-6.361399966005842E-7
"nativ";-6.118033402512254E-7
"transduc";-6.05967750430883E-7
"amount";-5.946881347139172E-7
"178";-5.490122859965111E-7
"defens";-5.475335050469859E-7
"goe";-4.565460090753022E-7
"background";-4.0822504191536E-7
"receiv";-3.6726926348426944E-7
"vibrant";-3.029260044438986E-7
"paus";-3.0202504641797533E-7
"card";-2.9034333766451807E-7
"chang";-2.7768722213642686E-7
"dt";-2.2198660861741192E-7
"gram";-2.1839854025491932E-7
"architectur";-2.1708982296873944E-7
"8gb";-2.0884702097746788E-7
"120hz";-1.2918606786579804E-7
"mbp";-1.0187276695838594E-7
"mix";-1.0852921984815538E-8
"copper";-6.028283714467871E-9
"nfc";-7.799160118724877E-10
"polycarbon";0.0
"calend";0.0
"cellular";0.0
"un55ju7100f";0.0
"cec";0.0
"32.6";0.0
"32.5";0.0
"6.3";0.0
"32.9";0.0
"wise";0.0
"fantast";0.0
"medium";0.0
"lens";0.0
"pioneer";0.0
"41.9";0.0
"crisper";0.0
"fuel";0.0
"tx100u";0.0
"wake";0.0
"3.06";0.0
"jelli";0.0
"6350";0.0
"gener";0.0
"anim";0.0
"q701";0.0
"latest";0.0
"team";0.0
"quit";0.0
"28.7";0.0
"actual";0.0
"page";0.0
"awai";0.0
"shadow";0.0
"37.2";0.0
"log";0.0
"minimalist";0.0
"59.1";0.0
"24.3";0.0
"allshar";0.0
"46.3";0.0
"intellig";0.0
"33.3";0.0
"descript";0.0
"33.7";0.0
"releas";0.0
"20.7mp";0.0
"under";0.0
"20.7";0.0
"amazingli";0.0
"k612";0.0
"0.42";0.0
"qhd";0.0
"g925f";0.0
"amber";0.0
"host";0.0
"un50eh5300";0.0
"2.5mm";0.0
"15";0.0
"28";0.0
"mid";0.0
"everydai";0.0
"though";0.0
"k272";0.0
"41";0.0
"44";0.0
"genuin";0.0
"142.1";0.0
"2915";0.0
"iei";0.0
"smarter";0.0
"prepaid";0.0
"price";0.0
"un55js8500f";0.0
"slate";0.0
"itself";0.0
"fall";0.0
"nice";0.0
"23mp";0.0
"12.1";0.0
"12.9";0.0
"infus";0.0
"69.7";0.0
"k701";0.0
"furthermor";0.0
"801";0.0
"2.5ghz";0.0
"21.8";0.0
"learn";0.0
"820";0.0
"sonic";0.0
"respect";0.0
"vob";0.0
"4.1";0.0
"sweat";0.0
"j6300";0.0
"homescreen";0.0
"shape";0.0
"70x850b";0.0
"characterist";0.0
"anyon";0.0
"tone";0.0
"honestli";0.0
"rmf";0.0
"rmt";0.0
"40lf6300";0.0
"todai";0.0
"collect";0.0
"gear";0.0
"rom";0.0
"61.7";0.0
"61.9";0.0
"0.6";0.0
"23.15";0.0
"70.1";0.0
"nest";0.0
"hd595";0.0
"notabl";0.0
"5.47";0.0
"factor";0.0
"hd555";0.0
"23.81";0.0
"epic";0.0
"79x900b";0.0
"slide";0.0
"48.9";0.0
"what'";0.0
"beautifulli";0.0
"35.3";0.0
"35.1";0.0
"35.9";0.0
"weigh";0.0
"57.4";0.0
"connectshar";0.0
"parent";0.0
"22.4";0.0
"selfi";0.0
"49uf6400";0.0
"spaciou";0.0
"1366";0.0
"showcas";0.0
"offic";0.0
"sgh";0.0
"5.3";0.0
"un55hu8500";0.0
"select";0.0
"amplifi";0.0
"ofc";0.0
"expans";0.0
"split";0.0
"hifi";0.0
"dive";0.0
"100";0.0
"595";0.0
"118";0.0
"modular";0.0
"18.5";0.0
"current";0.0
"disturb";0.0
"6.07";0.0
"solut";0.0
"172";0.0
"27.1";0.0
"185";0.0
"z3";0.0
"49.1";0.0
"contract";0.0
"stabilis";0.0
"packag";0.0
"vs986";0.0
"ground";0.0
"8mp";0.0
"23.8";0.0
"greatest";0.0
"intens";0.0
"exce";1.548476439814728E-8
"environ";1.548476439814728E-8
"convert";2.1237139186114362E-8
"29.9";2.3619676822912716E-8
"name";2.8493688411766218E-8
"doe";2.9160745202870195E-8
"construct";8.885364696006176E-8
"1.0";1.5674000708390395E-7
"1.8";1.5674000708390395E-7
"30";1.639026119778001E-7
"5mp";1.9565803583213026E-7
"os";2.1019639808255689E-7
"mobil";2.2264855918281159E-7
"portrait";2.2971202034722388E-7
"2.98";2.39633242563389E-7
"6.08";2.39633242563389E-7
"build";2.440440294714137E-7
"yourself";2.56284051286089E-7
"spec";2.6781855911155894E-7
"300";2.855206151924916E-7
"i";2.884573176981228E-7
"uf6400";3.189876558347404E-7
"evolut";3.2520423448672666E-7
"lit";3.2524920167602286E-7
"hevc";3.6833839458117607E-7
"explor";3.914909789712144E-7
"wider";3.9609405648455276E-7
"portrai";4.5112445026286585E-7
"27.8";4.599122052342269E-7
"volum";4.6100926237878153E-7
"4.9";4.7247017733327004E-7
"49";4.958468481592118E-7
"caption";5.009007732429543E-7
"illumin";5.011892566411484E-7
"slim";5.089626326200761E-7
"note";5.540110978575369E-7
"hd600";5.615476596151914E-7
"43.7";5.758859055821341E-7
"s";6.238820239797026E-7
"686g";6.302468986959838E-7
"suhd";6.421031927246815E-7
"re";6.495012001913066E-7
"width";6.651907339715393E-7
"connector";6.655166664981671E-7
"incorpor";6.754332351754933E-7
"dure";6.794620103500737E-7
"grei";6.81662289839062E-7
"smooth";6.955699490968081E-7
"why";7.063821980966877E-7
"daili";7.11717764527095E-7
"remot";7.21089376463013E-7
"ad";7.25344569035228E-7
"sm";7.308731241831984E-7
"launch";7.393194077098429E-7
"possibl";7.560682581623374E-7
"singl";7.83567108406819E-7
"mechan";8.062052739175526E-7
"charg";8.113035599120123E-7
"list";8.486465983798234E-7
"23";8.519464005365615E-7
"extern";8.686976387091774E-7
"craft";8.848153762040963E-7
"y";8.9565597373659E-7
"field";8.966376355243636E-7
"tune";8.972064150115228E-7
"panel";9.228719042376002E-7
"about";9.570037971950158E-7
"two";9.68492529016332E-7
"check";9.88215599983177E-7
"logo";9.931638511993682E-7
"lower";9.998617991969821E-7
"coupl";1.0012212636352751E-6
"damag";1.0104057814244721E-6
"sensit";1.010917238147488E-6
"road";1.0226542099187053E-6
"capabl";1.0328850182228912E-6
"circumaur";1.0708264115426476E-6
"5.0";1.086011639184919E-6
"pressur";1.0988972976073595E-6
"auto";1.1093645422351629E-6
"superb";1.1496210323585533E-6
"38.4";1.1611125009969737E-6
"wherev";1.1767695704493347E-6
"76.1";1.1911162191144062E-6
"148.9";1.1911162191144062E-6
"through";1.1979250516577604E-6
"thing";1.2162773545022765E-6
"email";1.2288032648550043E-6
"m";1.2506340096487666E-6
"pink";1.2611962571118128E-6
"brighter";1.2740493725673426E-6
"part";1.2789225698452361E-6
"2.7";1.2883910229012922E-6
"6.1";1.2915866062042022E-6
"express";1.3046898503713185E-6
"theater";1.3048201548083473E-6
"captiv";1.3110139350739486E-6
"unbeat";1.3177984828100647E-6
"greater";1.3297236935418716E-6
"earphon";1.332724458094365E-6
"70";1.3487951734413896E-6
"cd";1.3683267451130264E-6
"speed";1.3761448441171505E-6
"ambient";1.3919394942248217E-6
"convent";1.4097315664025399E-6
"grip";1.4202552975593752E-6
"808";1.4588260617216017E-6
"exyno";1.4592739378720185E-6
"be";1.4658514391355712E-6
"magic";1.4673655843490396E-6
"oxygen";1.4705460659632241E-6
"x850c";1.4805791691405905E-6
"storag";1.4987758691410123E-6
"exception";1.5117342716549765E-6
"26.4";1.5117342716549765E-6
"44.9";1.5117342716549765E-6
"deep";1.5199062025281207E-6
"function";1.5369660457827637E-6
"rear";1.5506524829477956E-6
"vga";1.5568358347518851E-6
"seriou";1.5631711077751303E-6
"talk";1.5846017070973457E-6
"never";1.5877780875604708E-6
"2.2";1.5909885472877461E-6
"surf";1.595256587677789E-6
"import";1.6051106740744335E-6
"mov";1.6188813529652703E-6
"wmv";1.6188813529652703E-6
"market";1.6375824029102662E-6
"brilliant";1.6402933479396449E-6
"11";1.6425525052975306E-6
"sapphir";1.666514672247956E-6
"someth";1.673329519162603E-6
"lollipop";1.6883063978055391E-6
"kwh";1.7157517942135861E-6
"titan";1.7246628716803287E-6
"made";1.7421554419812246E-6
"withstand";1.7439502280374029E-6
"thinnest";1.7992796242094489E-6
"self";1.8292845000290707E-6
"lg'";1.8391393744501393E-6
"sennheiser'";1.8464503349946128E-6
"movement";1.8583365539882185E-6
"freedom";1.8583365539882185E-6
"utmost";1.8830360151147682E-6
"zoom";1.8921953216614884E-6
"hybrid";1.8988224609476148E-6
"aspect";1.9000688897926254E-6
"sold";1.924640079818728E-6
"101.2";1.941706493027412E-6
"8.1";1.9499891849514023E-6
"scan";1.9739487255076085E-6
"25.8";1.9895839909532358E-6
"exist";1.9961768311841754E-6
"810";1.9986932931412293E-6
"4.4";2.0130462298160492E-6
"playback";2.033863180745938E-6
"3.5";2.0451928475929276E-6
"most";2.0457058756571857E-6
"area";2.053484382420149E-6
"microusb";2.0573318819270756E-6
"mani";2.0707995754345207E-6
"13";2.0947100687627533E-6
"js7000";2.1166620630492725E-6
"12";2.1179848016944502E-6
"swivel";2.1471975796882653E-6
"amazon";2.159587211986302E-6
"compli";2.215866348405631E-6
"custom";2.229071746056438E-6
"citi";2.2560724153259127E-6
"assur";2.2878271809187185E-6
"activ";2.3302731746062264E-6
"finger";2.3348259251527006E-6
"37";2.3508273156447324E-6
"minimum";2.357548777911654E-6
"result";2.3599212759083804E-6
"dedic";2.3971715538417815E-6
"event";2.422445708930238E-6
"28.1";2.4279300727522795E-6
"develop";2.4551756118759942E-6
"stock";2.4647802222500705E-6
"tuner";2.4661623768865658E-6
"across";2.4765771374868437E-6
"li";2.4882781829733275E-6
"safe";2.4930930761281355E-6
"duti";2.506382939431361E-6
"matt";2.5415763896326575E-6
"base";2.565774827717788E-6
"bud";2.571519157114745E-6
"dark";2.5738806725141526E-6
"period";2.6037586290546515E-6
"platform";2.6093022181374395E-6
"board";2.609305394207957E-6
"flex";2.6100788204086456E-6
"safari";2.6153424628801852E-6
"experienc";2.623578488534416E-6
"imageri";2.623578488534416E-6
"intric";2.623578488534416E-6
"silver";2.6258079602234613E-6
"simpli";2.6282229018733533E-6
"61.1";2.6786546264181673E-6
"aerospac";2.6802999247805554E-6
"ingeni";2.6802999247805554E-6
"appli";2.6802999247805554E-6
"hd800";2.6802999247805554E-6
"youll";2.7138943509219873E-6
"e";2.730914339998025E-6
"upon";2.756484968337844E-6
"umt";2.7571742387208237E-6
"g4";2.763740537976237E-6
"maximum";2.7720220935160966E-6
"hdr";2.77206551669532E-6
"refin";2.776846551527895E-6
"ergonom";2.7964428071539254E-6
"certif";2.835679171701852E-6
"sensor";2.8563800423362794E-6
"tag";2.8669249240929E-6
"wear";2.8729042199544547E-6
"touchpad";2.9231044691811977E-6
"filter";2.9541920765156077E-6
"kit";2.9907863201736703E-6
"fulli";3.0067604669550005E-6
"link";3.018752970476799E-6
"tweeter";3.0322872783261623E-6
"diagon";3.032683917940436E-6
"size";3.0397341103206377E-6
"30.9";3.060715002068621E-6
"onstag";3.0747369798439506E-6
"deeper";3.1342040444513257E-6
"util";3.1371715405676195E-6
"timer";3.169397860816256E-6
"28.2";3.172079189832659E-6
"21";3.191307828735203E-6
"revolut";3.198563462519333E-6
"join";3.198563462519333E-6
"128";3.211390095010195E-6
"clock";3.2163493953561796E-6
"4.5";3.222308399296759E-6
"track";3.2238173422634298E-6
"busi";3.2424280371609257E-6
"consist";3.2429501593607846E-6
"style";3.2775727656807193E-6
"90";3.2854338351652815E-6
"separ";3.2886793320084656E-6
"choic";3.312244763455154E-6
"reach";3.3163394731086475E-6
"prevent";3.3245228906646565E-6
"end";3.3420202850838776E-6
"grado";3.344078895111124E-6
"fold";3.3526219962866153E-6
"harman";3.356524721940743E-6
"brows";3.3585541220388735E-6
"combin";3.3785082796819682E-6
"truli";3.3855470823902496E-6
"snap";3.4183069603740436E-6
"mw";3.4214346244443884E-6
"35.2";3.422483881348405E-6
"multitouch";3.444078694138028E-6
"elimin";3.4442170613409773E-6
"radio";3.4520171718637117E-6
"fm";3.4520171718637117E-6
"fun";3.478088575778449E-6
"plastic";3.534897477654023E-6
"tip";3.543753863544455E-6
"fingertip";3.5540652030753204E-6
"contain";3.556057396449272E-6
"spectrum";3.5562970341249486E-6
"1.5ghz";3.57159902724507E-6
"mp2";3.57494002494735E-6
"ra";3.57494002494735E-6
"aluminium";3.5783002492600913E-6
"fast";3.5845356390504734E-6
"accuraci";3.587117198018859E-6
"28.3";3.5889691186913363E-6
"29.1";3.5935175116981856E-6
"tablet";3.5998974110464793E-6
"charger";3.601602789616719E-6
"demand";3.6222628653284628E-6
"band";3.6311691879436906E-6
"compar";3.6331466628601464E-6
"extra";3.6359387040399427E-6
"hour";3.641978019752832E-6
"drawn";3.677971641194871E-6
"uhd";3.6801005474778004E-6
"ideal";3.6840136182085826E-6
"128gb";3.70977144755719E-6
"64.5";3.7109631388018705E-6
"67.5";3.7335767444110994E-6
"night";3.7559400642936955E-6
"progress";3.7675854744898592E-6
"within";3.7685338625400265E-6
"48";3.7907288945645407E-6
"direct";3.7912768964916887E-6
"those";3.800593279798638E-6
"eleg";3.846589564409069E-6
"sync";3.847352087006581E-6
"schedul";3.847352087006581E-6
"weather";3.847352087006581E-6
"redefin";3.898786561581935E-6
"lifelik";3.909930882453876E-6
"thinner";3.9250811509742585E-6
"lighter";3.9250811509742585E-6
"spare";3.9284840237764E-6
"whole";3.9328137892064344E-6
"57.1";3.951457170366102E-6
"you'll";3.957406566537262E-6
"expect";3.961651485765738E-6
"accessori";3.968506549702918E-6
"dj";3.986062593915388E-6
"devic";3.997757710666938E-6
"800";4.0554139559736534E-6
"essenti";4.061704790221383E-6
"guid";4.084774613142411E-6
"57.6";4.109564699228321E-6
"reinvent";4.128427430829608E-6
"signatur";4.1338246980320015E-6
"search";4.151604273454606E-6
"chat";4.168978771418712E-6
"mean";4.170066225804452E-6
"kei";4.193822584560926E-6
"57.5";4.195655589719037E-6
"ac3";4.236251638889974E-6
"he";4.236251638889974E-6
"energi";4.272308359889749E-6
"detect";4.282033814290337E-6
"task";4.284683106235004E-6
"mail";4.29431994639626E-6
"here";4.29431994639626E-6
"integr";4.299086667325288E-6
"degre";4.30728575335083E-6
"new";4.325947690695785E-6
"rose";4.335166986197715E-6
"mmcx";4.346942147426605E-6
"punchi";4.349143282594836E-6
"31.5";4.349277526026528E-6
"ju6700";4.358014598357199E-6
"program";4.365108657228644E-6
"2.5";4.370939431469316E-6
"carri";4.3729898408005705E-6
"18";4.381380206341587E-6
"doubl";4.3891881805449125E-6
"put";4.3929875661896135E-6
"equip";4.471780120052574E-6
"e.a.r";4.484017341060791E-6
"semi";4.5023181050179995E-6
"left";4.526667599456867E-6
"2000";4.5284187129799695E-6
"ultim";4.538164495816385E-6
"add";4.558188787050259E-6
"onboard";4.560445406283169E-6
"servic";4.576524836199733E-6
"each";4.578650164859975E-6
"jpeg";4.581368288304071E-6
"ipod";4.604185010234629E-6
"slimmest";4.612022526065407E-6
"65x900c";4.614208927333774E-6
"solid";4.6254719935664545E-6
"h1511";4.6276411374279736E-6
"condit";4.629182268825612E-6
"analog";4.631788213322902E-6
"5s";4.646937861651359E-6
"extens";4.66682006574768E-6
"fastest";4.668333757955508E-6
"x850d";4.672081269016526E-6
"pre";4.678868298866549E-6
"render";4.687256243778688E-6
"sit";4.6882993492889345E-6
"whether";4.689445333917741E-6
"lifetim";4.735659133629628E-6
"48.8";4.752278760600159E-6
"depict";4.7579829790175075E-6
"panorama";4.7597475391588425E-6
"2.4";4.759915262198496E-6
"5.43";4.783407436975717E-6
"air";4.796204346864787E-6
"53.6";4.799771746974912E-6
"straight";4.9301299969040785E-6
"applic";4.937415934510355E-6
"veri";4.938880070987202E-6
"shop";4.939011243267196E-6
"give";4.94151717055438E-6
"boast";4.941941652732154E-6
"360";4.982538775830103E-6
"mini";5.001639408237649E-6
"2560";5.054220654531101E-6
"cancel";5.058735061440919E-6
"36.5";5.06390950779788E-6
"life";5.076087641642624E-6
"cut";5.098110190080226E-6
"w";5.117074026552397E-6
"960";5.119977781396583E-6
"along";5.1335356103151135E-6
"densiti";5.1385741432600714E-6
"interact";5.173729528001186E-6
"1200";5.177614091736969E-6
"case";5.1899403930455055E-6
"1700";5.206877029862583E-6
"nano";5.2075025028883865E-6
"who";5.209628646368975E-6
"individu";5.214744373767871E-6
"30.3";5.245244266849987E-6
"addit";5.329319592225069E-6
"seen";5.330852516589879E-6
"musician";5.33194530992747E-6
"hous";5.334975210228543E-6
"front";5.345139693445746E-6
"paint";5.345429841964455E-6
"pop";5.366086965911083E-6
"vibranc";5.366086965911083E-6
"push";5.366179539476089E-6
"p";5.3893238013470434E-6
"tripl";5.3897114074769395E-6
"flang";5.3897114074769395E-6
"adreno";5.391185980297341E-6
"scale";5.397842434601428E-6
"answer";5.415651776477248E-6
"27.6";5.426471900765208E-6
"t";5.4316281878795045E-6
"reduct";5.447764613325817E-6
"line";5.452339633293523E-6
"mount";5.455959943458512E-6
"brown";5.4703992472119375E-6
"compact";5.494093873942784E-6
"neodymium";5.496183145414432E-6
"hardwar";5.509133209406075E-6
"reveal";5.532943836631701E-6
"dustproof";5.532975654192542E-6
"aluminum";5.549873009479036E-6
"magnet";5.5607607334254205E-6
"long";5.566410151012688E-6
"member";5.569164521318593E-6
"match";5.574817724790746E-6
"rich";5.582936616864604E-6
"onc";5.586484264877897E-6
"adaptor";5.587764760455417E-6
"balanc";5.589032557356405E-6
"reproduc";5.616533665387877E-6
"platinum";5.618446733954285E-6
"pc";5.627622963400014E-6
"gpr";5.628886519602087E-6
"delight";5.643078928319984E-6
"43";5.646341473422177E-6
"advanc";5.661236458055981E-6
"rug";5.66257886406664E-6
"univers";5.663855500774107E-6
"outstand";5.671590287449198E-6
"configur";5.7042400322011855E-6
"remain";5.7108249654352905E-6
"m9";5.7260920030225565E-6
"64x";5.727638457165577E-6
"5c";5.740248789613649E-6
"chip";5.740416772152931E-6
"44.4";5.7693901050483946E-6
"perfectli";5.7696792749376E-6
"televis";5.77112490044785E-6
"process";5.806698714275855E-6
"2x";5.8344753114861864E-6
"ipad";5.843494595245136E-6
"dock";5.897804021533313E-6
"off";5.899329879986465E-6
"pro";5.904317711707514E-6
"textur";5.947655335402415E-6
"k";5.992048984666061E-6
"standbi";6.00573681440366E-6
"geo";6.033882481389845E-6
"hotel";6.047209181457656E-6
"record";6.054487545779268E-6
"calibr";6.068361741016551E-6
"mixer";6.068361741016551E-6
"manufactur";6.070284305709961E-6
"s4";6.072215326037578E-6
"premium";6.105681817553761E-6
"effici";6.1184649825692106E-6
"802.11ac";6.118582219205842E-6
"sinc";6.139332016628929E-6
"chrome";6.142399575734259E-6
"steel";6.154191744031388E-6
"4.0";6.168652800233451E-6
"v5.0.2";6.19149197495773E-6
"it'";6.1937488756551385E-6
"200";6.205787330337007E-6
"adjust";6.209116097167762E-6
"expand";6.234602719158448E-6
"isol";6.292698289269479E-6
"normal";6.299043435860352E-6
"sim";6.3009186539178465E-6
"reinforc";6.3018604080306365E-6
"25";6.315677986696742E-6
"65";6.324683564935086E-6
"next";6.331743578015937E-6
"specif";6.361059001331045E-6
"5.2";6.374016601575871E-6
"america";6.3833195717366335E-6
"shot";6.390728241698063E-6
"file";6.398019772251018E-6
"34.6";6.425528796393833E-6
"local";6.429462359311867E-6
"harmon";6.438421632564903E-6
"easier";6.450776156943838E-6
"bottom";6.452088024399996E-6
"simplifi";6.453923653377159E-6
"yet";6.467458144113749E-6
"free";6.490262782030565E-6
"1.5";6.497407952517147E-6
"you'r";6.500992860530725E-6
"batteri";6.513764322450718E-6
"crystal";6.519989084802745E-6
"appear";6.538627254755414E-6
"fp";6.587209384352477E-6
"42.5";6.5933308397944125E-6
"cup";6.604446926680255E-6
"1440";6.626914405118926E-6
"conveni";6.638421148713017E-6
"read";6.666586491075981E-6
"glossi";6.673757459035173E-6
"good";6.6739715937619525E-6
"3264";6.714515103653854E-6
"2448";6.714515103653854E-6
"face";6.719463731202894E-6
"m7";6.720397107129565E-6
"version";6.737129886332538E-6
"voltag";6.739864706574645E-6
"standard";6.746205214038043E-6
"except";6.746882523271658E-6
"stronger";6.790792664179704E-6
"upgrad";6.794935968452336E-6
"multipl";6.8026862205554026E-6
"realli";6.811520799534048E-6
"menu";6.852829893551008E-6
"bright";6.908568942653971E-6
"live";6.913181719049862E-6
"zone";6.935077866708104E-6
"diamond";6.936012810491094E-6
"dust";6.9741167167180315E-6
"gold";7.003680620798654E-6
"rf";7.0234651443805765E-6
"rev";7.0496266113229765E-6
"million";7.056425346177626E-6
"think";7.067443670361613E-6
"fine";7.069894380450654E-6
"720";7.07245182538535E-6
"shine";7.088342700249127E-6
"subtl";7.125405942296098E-6
"immers";7.168248413959122E-6
"clearer";7.193397517092872E-6
"system";7.196261788089582E-6
"portabl";7.201501289143145E-6
"trumot";7.204188984972007E-6
"social";7.223838592253793E-6
"5";7.230430773769517E-6
"voic";7.235304958286889E-6
"secondari";7.245905562204061E-6
"30fp";7.245905562204061E-6
"engin";7.251195341204206E-6
"both";7.256666235559912E-6
"hand";7.2914628739956244E-6
"gestur";7.298803923416752E-6
"intern";7.311316908958465E-6
"37.5";7.317955064160303E-6
"1810";7.327643234085468E-6
"pleas";7.340237683268677E-6
"bold";7.345175408882045E-6
"54.6";7.352953224352043E-6
"reflect";7.358856247388332E-6
"html5";7.3913200374132754E-6
"le";7.3913200374132754E-6
"3.7";7.435278300336578E-6
"3000";7.4537843894467715E-6
"micro";7.459904839863651E-6
"samsung'";7.486521164327313E-6
"own";7.487499665397197E-6
"2.1";7.516386236305472E-6
"cover";7.520893833537143E-6
"it’";7.5210806121737775E-6
"yellow";7.537934507312729E-6
"scene";7.560978941676069E-6
"our";7.568637434405504E-6
"ol";7.576491923157614E-6
"easili";7.57736505358755E-6
"situat";7.590449328978281E-6
"flick";7.594131126013787E-6
"f";7.611681294293149E-6
"incred";7.634475977114292E-6
"room";7.652124778105736E-6
"master";7.65609144045198E-6
"itun";7.681649817810018E-6
"x850b";7.686171802112457E-6
"3";7.70363812316972E-6
"requir";7.714222652027702E-6
"speaker";7.729757339228161E-6
"form";7.730049863049083E-6
"encas";7.742318470224843E-6
"stainless";7.742318470224843E-6
"avail";7.782752072565263E-6
"suhdtv";7.833792999256114E-6
"pure";7.86450881185221E-6
"ratio";7.87898105112381E-6
"optic";7.89693481668052E-6
"grade";7.905222262713334E-6
"grai";7.912122461217926E-6
"dramat";7.91514145308199E-6
"near";7.927626297401792E-6
"m2";7.92834373651192E-6
"laser";7.968429928987392E-6
"talktim";7.973816743941237E-6
"befor";7.979562865276638E-6
"shoot";8.044876217620182E-6
"netflix";8.071532639555845E-6
"2600";8.071925843046954E-6
"optim";8.080723188708094E-6
"mp4";8.089236128312402E-6
"finish";8.106463755652448E-6
"non";8.124658876462049E-6
"super";8.132800894021075E-6
"they'r";8.136563302257871E-6
"load";8.197987317294459E-6
"maxim";8.219609125764433E-6
"pouch";8.22656005216877E-6
"en";8.227003937120135E-6
"know";8.227394086750077E-6
"disc";8.280904131095779E-6
"31.1";8.287428489530204E-6
"option";8.290536023266779E-6
"accur";8.30710907584551E-6
"improv";8.324863395490502E-6
"33.2";8.348702316615599E-6
"wirelessli";8.352228899236768E-6
"0.5";8.407842607350419E-6
"now";8.42614259830044E-6
"1xevdo";8.46712674033162E-6
"captur";8.487345274956794E-6
"insid";8.506482529207701E-6
"isn't";8.509383718470487E-6
"arrai";8.53257532882918E-6
"keep";8.562385356966948E-6
"jack";8.61200136411961E-6
"ic";8.663639565869457E-6
"let";8.71336033914641E-6
"visibl";8.7232929507467E-6
"superior";8.741468039335197E-6
"notif";8.758795074905476E-6
"set";8.763349009384067E-6
"around";8.781556348787158E-6
"between";8.825642273156979E-6
"ha";8.830063192475434E-6
"input";8.87525852989149E-6
"red";8.909472933180118E-6
"profession";8.91952075214754E-6
"antenna";8.930516059891974E-6
"4.55";9.000258748041251E-6
"64";9.003396611975516E-6
"bag";9.042394112315603E-6
"adapt";9.067475672057596E-6
"rotat";9.078948540704244E-6
"ethernet";9.088889072883384E-6
"origin";9.096991623266866E-6
"octa";9.11605294262889E-6
"attenu";9.126069130813846E-6
"ram";9.134606780572366E-6
"low";9.163477490672185E-6
"vocal";9.180790306861461E-6
"without";9.200161814984067E-6
"reproduct";9.257062443539363E-6
"hold";9.294346245610277E-6
"collaps";9.312657856866023E-6
"stylish";9.34749992211395E-6
"document";9.364131805046465E-6
"first";9.372258694413551E-6
"sprint";9.372762063141653E-6
"product";9.383270865205877E-6
"swipe";9.39066262361718E-6
"mm";9.395260947298208E-6
"directli";9.423971875689025E-6
"vivid";9.42688123305147E-6
"reason";9.43907040285713E-6
"woofer";9.456816848910803E-6
"240";9.46640336260524E-6
"multi";9.46878411353949E-6
"real";9.472506993628835E-6
"pair";9.545675829252713E-6
"youtub";9.553929164598003E-6
"listen";9.588096517205297E-6
"frame";9.605327861717796E-6
"mp";9.61770818777501E-6
"nois";9.675935337434137E-6
"microdriv";9.722904534416321E-6
"bravia";9.726967845837594E-6
"manag";9.807513918802936E-6
"2.6";9.839549565961E-6
"abl";9.843897519687742E-6
"realist";9.895292540725643E-6
"seamlessli";9.970728190392863E-6
"usb";1.000145478545836E-5
"32";1.0037086369154733E-5
"togeth";1.0064266985431705E-5
"ntsc";1.0085375523298176E-5
"continu";1.0099161840488886E-5
"mhl";1.0102613468415504E-5
"a5";1.0108966034351463E-5
"slot";1.0134176085414636E-5
"been";1.0153587971818954E-5
"touch";1.0157373536859841E-5
"authent";1.0173088060904772E-5
"player";1.0178303525401207E-5
"wall";1.019986992152017E-5
"recommend";1.0203034673723931E-5
"consum";1.020692833767628E-5
"materi";1.0208214604862819E-5
"600";1.0211441199769848E-5
"them";1.024139412861581E-5
"were";1.0242713190335498E-5
"coil";1.026527875962538E-5
"sleek";1.0277645425999633E-5
"also";1.0285744243572655E-5
"multitask";1.0291827442360235E-5
"48.5";1.0312956282624219E-5
"impress";1.0315359294086127E-5
"depend";1.0337243804311584E-5
"mirror";1.0394076078106863E-5
"drop";1.0394256909303343E-5
"lightweight";1.0405622151611919E-5
"android";1.0453054637904122E-5
"what";1.046136383835519E-5
"k240";1.046751698922238E-5
"level";1.051035234242827E-5
"block";1.051136501013794E-5
"network";1.0537720998702281E-5
"last";1.0583352568397481E-5
"intuit";1.0587626428477069E-5
"qualcomm";1.0606185333266772E-5
"shouldn't";1.0631333301253869E-5
"lock";1.0657797115502798E-5
"4";1.0661865891319392E-5
"scratch";1.0675306424139455E-5
"help";1.0694255168419708E-5
"media";1.0774981331653581E-5
"creat";1.0783840963095336E-5
"45";1.0822854993862777E-5
"gorgeou";1.0870517084603606E-5
"relax";1.0944936258712684E-5
"802.11n";1.0960134974137109E-5
"accept";1.0982262733298317E-5
"2.8";1.09941562475898E-5
"24.8";1.103468123708156E-5
"newest";1.1129134643073264E-5
"had";1.1173588199523891E-5
"distort";1.1188133614649403E-5
"32gb";1.1201985206246191E-5
"payment";1.123100823903676E-5
"quickli";1.1268503255966456E-5
"side";1.1275052002738747E-5
"precis";1.1322439144336913E-5
"try";1.1381401984087739E-5
"clear";1.1390373306452168E-5
"text";1.1400081501144955E-5
"profil";1.1426836108276715E-5
"onlin";1.1429648464028976E-5
"easi";1.1462473163465148E-5
"fullhd";1.147498464550631E-5
"you'v";1.1513296237830595E-5
"larg";1.1520308947731382E-5
"photo";1.1521159741282624E-5
"should";1.1595834499773686E-5
"retina";1.1621237905452526E-5
"piec";1.162334511835251E-5
"french";1.1656655399715915E-5
"sd";1.1709116942149695E-5
"perform";1.1729519656638232E-5
"coprocessor";1.1743122655723942E-5
"right";1.1778545595688902E-5
"inspir";1.179379025719472E-5
"depth";1.1816846673573154E-5
"navig";1.1844475480152542E-5
"consumpt";1.185638220376449E-5
"true";1.1863075270203676E-5
"k171";1.1873567055731282E-5
"h";1.1881821671301084E-5
"eco";1.188608675197709E-5
"respons";1.1892091267492696E-5
"action";1.1907767369096861E-5
"googl";1.1912232673631003E-5
"readi";1.1916402130112465E-5
"s5";1.1964534873307494E-5
"stabil";1.2045041039927096E-5
"autofocu";1.2062137630938514E-5
"save";1.208408030924351E-5
"everyth";1.2114308396139924E-5
"browser";1.2161206057324314E-5
"less";1.219001779850272E-5
"allow";1.2238781032317441E-5
"ensur";1.2247959406683283E-5
"55";1.2357880467196676E-5
"entir";1.2374402089852896E-5
"exclus";1.2453713942469543E-5
"point";1.2486812757721343E-5
"we’v";1.2504012161741984E-5
"lumia";1.2521356736430636E-5
"nokia";1.2521356736430636E-5
"thin";1.2529597497430467E-5
"blue";1.2543866347409019E-5
"xs";1.2545305553154917E-5
"same";1.2561593135917434E-5
"thousand";1.2633207923634974E-5
"len";1.2648487618642057E-5
"2g";1.2685911442070978E-5
"innov";1.269452547181596E-5
"there’";1.2727372507963862E-5
"produc";1.2754509953381858E-5
"21.7";1.2764267173091805E-5
"4s";1.2786211591181299E-5
"k702";1.2810977698599416E-5
"bodi";1.2828958398843597E-5
"dim";1.283414195575359E-5
"per";1.2852576508748555E-5
"5.59";1.2860246733002907E-5
"formabl";1.2874601836312949E-5
"miss";1.2892017108231957E-5
"graphic";1.2900716123699662E-5
"remark";1.2914592806263705E-5
"rca";1.2966490797835096E-5
"much";1.2985440173265918E-5
"natur";1.298701348167227E-5
"lead";1.2991966636789792E-5
"720p";1.3023535254317242E-5
"13.3";1.3056144975118504E-5
"chipset";1.3187728729986518E-5
"frost";1.3209842739461686E-5
"absorb";1.3233854836387686E-5
"40";1.3259874087025202E-5
"3.4";1.332433984025593E-5
"48.2";1.332433984025593E-5
"which";1.3328281385094213E-5
"amaz";1.3329597230861637E-5
"internet";1.3331099000191832E-5
"sens";1.3398930661012633E-5
"16mp";1.3403480822575543E-5
"button";1.340673858467122E-5
"music";1.340955395529483E-5
"plug";1.3463074263464101E-5
"stun";1.3469391190716257E-5
"complet";1.3520235894606304E-5
"8";1.3597111082697848E-5
"updat";1.3685217723624369E-5
"took";1.369135076865546E-5
"transport";1.370318936050137E-5
"axi";1.370318936050137E-5
"remov";1.3711552460368703E-5
"wide";1.3753097681230755E-5
"while";1.375624140283584E-5
"close";1.3770088172329869E-5
"than";1.3823709828155364E-5
"processor";1.3832855370245743E-5
"detach";1.3974238008641318E-5
"sophist";1.4004601193474611E-5
"onli";1.4068149602268597E-5
"see";1.408040461477845E-5
"great";1.4129151682719106E-5
"hear";1.4139917317603738E-5
"bring";1.4161902349184585E-5
"famili";1.4179515686824143E-5
"frequenc";1.4220967790804E-5
"motionflow";1.4225081923180134E-5
"xr";1.4225081923180134E-5
"work";1.4226583701202385E-5
"open";1.4254870343859052E-5
"rm";1.4259202087460454E-5
"rang";1.4276245625541523E-5
"matter";1.432045446880372E-5
"stream";1.4384219000952908E-5
"user";1.4400612896717018E-5
"0.3";1.4431374253677754E-5
"watch";1.4488660023178887E-5
"height";1.4510941275075809E-5
"experi";1.455240757853913E-5
"class";1.4584344563633923E-5
"quad";1.4604353718336479E-5
"simpler";1.4605389159039195E-5
"feel";1.462273281482378E-5
"worri";1.464677808910215E-5
"850";1.4723918922638463E-5
"pai";1.4732049487965748E-5
"four";1.4732053291287989E-5
"capac";1.484704843345442E-5
"port";1.4897487821360865E-5
"messag";1.4927182850495244E-5
"amol";1.4996592694633583E-5
"smartphon";1.4997020408839107E-5
"1280";1.5003516298845668E-5
"1900";1.5007615765753044E-5
"900";1.5007615765753044E-5
"1800";1.5007615765753044E-5
"id";1.502495962482864E-5
"softwar";1.5132479361443935E-5
"cdma";1.5216872913828214E-5
"focu";1.5228673277198159E-5
"light";1.5228833308124399E-5
"want";1.5271468410637504E-5
"lightn";1.531055021455858E-5
"featur";1.534664839201045E-5
"measur";1.5360846100181957E-5
"extend";1.5398638697900792E-5
"plai";1.5421570863918474E-5
"lcd";1.5436025136703123E-5
"gsm";1.5470676173766487E-5
"favorit";1.55281834028579E-5
"bluetooth";1.5549916511108905E-5
"hspa";1.5559367145808172E-5
"graphit";1.557008923886924E-5
"dynam";1.5584206210660416E-5
"v";1.5591128508496156E-5
"channel";1.5591587485771138E-5
"call";1.5632737729472118E-5
"brand";1.565526464908498E-5
"se215";1.5666347693329974E-5
"multimedia";1.571326148927933E-5
"dimens";1.5735281660992284E-5
"guarante";1.5906273103716284E-5
"look";1.5950477952938764E-5
"like";1.5984033065079024E-5
"data";1.5985092055878535E-5
"even";1.6006193177225134E-5
"microphon";1.6069533143077044E-5
"power";1.6088127878739755E-5
"desktop";1.6129102217216388E-5
"mp3";1.6171201425859182E-5
"aac";1.618182743656359E-5
"weight";1.639169866530024E-5
"reduc";1.6447697278110804E-5
"combo";1.6473983787963125E-5
"too";1.6475983754988706E-5
"mkv";1.6494492242886353E-5
"ts";1.6494492242886353E-5
"dvd";1.651604171746786E-5
"share";1.6538863441944445E-5
"seamless";1.658494445067743E-5
"built";1.6647126604639456E-5
"box";1.6661272462368973E-5
"core";1.6716169428886493E-5
"3.5mm";1.6722942134955168E-5
"time";1.67657425174552E-5
"white";1.676772114427667E-5
"show";1.6779609627653666E-5
"alwai";1.682891129078595E-5
"metal";1.6878123982601648E-5
"move";1.6894479071999455E-5
"64gb";1.6952214535897534E-5
"bass";1.6981171921054763E-5
"refresh";1.7044901741554875E-5
"how";1.7085562183657282E-5
"2458z00140";1.714060605030685E-5
"year";1.7184724661555836E-5
"ultra";1.723180802968053E-5
"icloud";1.7268277702866966E-5
"9";1.7332945213877467E-5
"curv";1.737420402384642E-5
"three";1.747455621557253E-5
"fingerprint";1.754548839849995E-5
"everi";1.7558937271756826E-5
"realiti";1.7603435013853323E-5
"warranti";1.7782083476361064E-5
"se315";1.7834852635381128E-5
"7";1.7953718865106353E-5
"siri";1.7976376854803716E-5
"out";1.808346287171243E-5
"ac";1.815409525554655E-5
"pcm";1.817932542100101E-5
"backlit";1.8409876267648956E-5
"flat";1.8461564421757052E-5
"dai";1.8500021796741884E-5
"flash";1.85832031071308E-5
"inform";1.864177731258649E-5
"enabl";1.8660803403612142E-5
"crisp";1.877311940426769E-5
"viewabl";1.8790238404972496E-5
"well";1.8896605085558932E-5
"snapdragon";1.8915138713482098E-5
"soft";1.89572870470915E-5
"offer";1.8981155883494806E-5
"puls";1.8986764484890672E-5
"web";1.904139170962651E-5
"person";1.9136453330288226E-5
"contact";1.9140881863075575E-5
"3d";1.947298371615191E-5
"clariti";1.9625633171354868E-5
"perfect";1.9632918725613494E-5
"wireless";1.965367450520816E-5
"extrem";1.9705924436428084E-5
"m8";1.9800606444431504E-5
"world";1.9861664857475537E-5
"anyth";1.991390597626731E-5
"trilumino";1.9945624134122385E-5
"effect";2.0007676248344486E-5
"best";2.0070888292169926E-5
"16m";2.0127183952325044E-5
"n";2.0288330654887625E-5
"on";2.0303407205077788E-5
"1.2";2.0413125274884483E-5
"flac";2.041467407146516E-5
"dolbi";2.0466917911432366E-5
"ip";2.0488464494503995E-5
"sport";2.0519654336989632E-5
"home";2.0525754393729408E-5
"5.1";2.057139793618535E-5
"it";2.0674972031997196E-5
"appl";2.0701045259504136E-5
"mode";2.0801791837095004E-5
"120";2.0843639074019605E-5
"gunmet";2.0910749669911938E-5
"se535";2.101592947370036E-5
"a53";2.1289044481606623E-5
"2988";2.1289044481606623E-5
"5312";2.1289044481606623E-5
"fit";2.1445124819572357E-5
"mic";2.1671118662483502E-5
"all";2.1691301348838793E-5
"content";2.1754928711619983E-5
"stand";2.208023871099515E-5
"from";2.2086960481718185E-5
"hsdpa";2.2119371088627406E-5
"phone";2.2135655047199348E-5
"gp";2.214287952672072E-5
"go";2.2189536190074288E-5
"ps";2.2207146579517403E-5
"3gpp";2.2207146579517403E-5
"edg";2.221008885675875E-5
"glass";2.223622686462444E-5
"carrier";2.2266991502623013E-5
"mpo";2.2347456691483494E-5
"surfac";2.2577221603821418E-5
"secur";2.2780243746297474E-5
"ey";2.2921610109704368E-5
"enhanc";2.2974921215114866E-5
"provid";2.2987008162325777E-5
"come";2.3020411198957174E-5
"foam";2.3185956204091495E-5
"differ";2.324404233010639E-5
"larger";2.3429487833320772E-5
"more";2.3511302575718318E-5
"entertain";2.3658959720419654E-5
"megapixel";2.3968773744198092E-5
"z5";2.4091485505335977E-5
"mah";2.413390954972023E-5
"touchscreen";2.4402576142205316E-5
"db";2.4556545227198554E-5
"qualiti";2.4636337835726E-5
"up";2.4642635087983094E-5
"camera";2.464923707227185E-5
"cinema";2.476280809820511E-5
"screen";2.4776628716650473E-5
"plate";2.494592322228352E-5
"connect";2.497031813712223E-5
"ghz";2.5144549983306593E-5
"other";2.515193518609402E-5
"enjoi";2.518389159298978E-5
"dual";2.5244964387205514E-5
"hub";2.5347552109154584E-5
"access";2.5708167721501325E-5
"mt";2.5717710371835382E-5
"se425";2.625202522175095E-5
"have";2.6270023889866747E-5
"20";2.6334937489583406E-5
"faster";2.637586393386079E-5
"rate";2.6497551420356168E-5
"ever";2.6650278389370483E-5
"so";2.688495364153897E-5
"pixel";2.689720151655005E-5
"10";2.6974464418317527E-5
"type";2.723390633668993E-5
"bit";2.7291601556789225E-5
"do";2.7314076993296094E-5
"breakthrough";2.7799738704330713E-5
"output";2.7869524415913174E-5
"1";2.8013872914166776E-5
"displai";2.809884651668234E-5
"act";2.8241289272828215E-5
"audio";2.8273024772827126E-5
"contrast";2.8400237001621927E-5
"support";2.843509859477905E-5
"you";2.9036892826923258E-5
"ft";2.9302624168198394E-5
"control";2.9603985263334902E-5
"resolut";2.996287979456386E-5
"when";3.0268110407907713E-5
"upscal";3.0386867187775043E-5
"app";3.079388615657459E-5
"ion";3.09725919888311E-5
"wire";3.1013665669663904E-5
"view";3.120844296696198E-5
"ani";3.1380897365474586E-5
"4g";3.175986435400939E-5
"full";3.207306783886926E-5
"don't";3.231209428506185E-5
"50";3.2617835877552914E-5
"fact";3.264098676358216E-5
"16";3.306376229879977E-5
"2100";3.313822703834683E-5
"design";3.34817585992328E-5
"game";3.368514881882166E-5
"deliv";3.383824884181085E-5
"get";3.4451778672330675E-5
"inch";3.5201300232033154E-5
"lan";3.5298380260796985E-5
"space";3.580938360548194E-5
"sound";3.6512931824704846E-5
"4k";3.6720180484220004E-5
"bigger";3.791549993887103E-5
"comfort";3.792261003532875E-5
"motion";3.802141500389375E-5
"color";3.804416353516435E-5
"make";3.8119699940109E-5
"pictur";3.843731585318853E-5
"isight";3.9003286372764016E-5
"plu";3.9197335003930125E-5
"refer";3.942587681298338E-5
"includ";3.94862256592023E-5
"samsung";3.961967961075063E-5
"wai";4.1055695325414344E-5
"imag";4.184472111129446E-5
"moment";4.2090706148632025E-5
"digit";4.2657551327958095E-5
"nexu";4.3292307405013484E-5
"there'";4.444744675817904E-5
"can";4.4695812322670384E-5
"hd";4.478158638373809E-5
"1920";4.579140478218693E-5
"high";4.5992143680778554E-5
"us";4.620225426549396E-5
"reson";4.7489761078307485E-5
"video";4.81421815952836E-5
"need";4.861711092431275E-5
"lg";4.877478003603947E-5
"watt";4.9154889021527006E-5
"spanish";4.960219704196818E-5
"technolog";4.9719621222625786E-5
"lb";5.0306913584711316E-5
"english";5.0919781812740596E-5
"black";5.125992440674029E-5
"your";5.168082019118398E-5
"iphon";5.379677776852802E-5
"pass";5.636147617664152E-5
"studio";5.663943804515639E-5
"laps";5.682727214422617E-5
"carefulli";5.682727214422617E-5
"consid";5.682727214422617E-5
"unison";5.682727214422617E-5
"ye";5.776359726432129E-5
"huawei";5.822456643644197E-5
"ear";5.952695949477623E-5
"x";6.029081713824989E-5
"s6";6.090716827219199E-5
"802.11";6.122469574482538E-5
"corn";6.784906180244785E-5
"els";6.793337935667558E-5
"2160p";7.292803133677052E-5
"composit";7.324778220726734E-5
"achiev";7.61039470219816E-5
"hz";9.335106756028256E-5
"mpeg";9.381631625970602E-5
"damp";9.596658624856179E-5
"engag";9.713949031305895E-5
"kind";9.713949031305895E-5
"sennheis";1.1310237369747522E-4
"seri";1.1729540896023374E-4
"would";1.2563285565008755E-4
"soni";1.2699228799767284E-4
"ident";1.3299307077276236E-4
"2160";1.404380172397689E-4
"peopl";1.6890992385352885E-4
"hdmi";2.111851354045807E-4
"trust";4.31946432685748E-4
"wi";4.542416260288312E-4
"enrol";5.137302811494902E-4
"landscap";5.137302811494902E-4
"probabl";5.137302811494902E-4
"passcod";5.137302811494902E-4
"slow";5.137302811494902E-4
"orient";5.137302811494902E-4
"futurist";5.137302811494902E-4
"readabl";5.137302811494902E-4
"dozen";5.137302811494902E-4
"tell";6.392280630453524E-4
"happi";7.142106437357319E-4
"effortless";7.376599894601509E-4
"physic";7.850352435802566E-4
"ahead";7.948453858768715E-4
"notic";8.058994776537556E-4
"2550";9.917510445936013E-4
"7.7";0.0010403546059550089
"21.1";0.0010403546059550089
"un40ju6400";0.0010403546059550089
"23.3";0.0010403546059550089
"apertur";0.0012434519636104846
"won't";0.0013849501354120085
"tast";0.0013849501354120085
"y50";0.0013849501354120085
"410";0.0014706255813417674
"mute";0.0016814496277973558
"6.8";0.0017270123405555035
"70.5";0.0017270123405555035
"143.4";0.0017270123405555035
"32.8";0.0019599152732873194
"un60js7000";0.0019599152732873194
"14.5";0.0019599152732873194
"wireform";0.001960278609206525
"placement";0.001960278609206525
"includes:sound";0.001960278609206525
"higher";0.002432274188655506
"230";0.0029699499203229996
"transmitt";0.0031160447038776494
"enter";0.00368441685548487
"ibook";0.00368441685548487
"xbr65x930c";0.004148852662991255
"1.00";0.004151982279155813
"65x950b";0.00415245233701838
"7420";0.004152667418754162
"530";0.004153049609679776
"lcd2";0.004155044254037072
"un65ju7100";0.004155172352946752
"xbr49x830c";0.004155863016333619
"202";0.004156210348611309
"un55ju6500";0.00415689023549317
"55x800b";0.004157216397695815
"ocx";0.005869845754185816
"558";0.005874759153871404
"reader";0.005874931815684223
"y55";0.005877530409891427
"q460";0.005879823067294019
"k309";0.0058798635122615725
"a7";0.007186299168576587
"xbr65x850c";0.0071902640433882895
"20mp";0.007190665883853864
"4gb";0.007192386217112863
"363d";0.007194514964352139
"43x830c";0.007200347676114525
"un60js7000fxza";0.007200397835467456
"te1384b";0.007200695568705574
"635";0.00830435951110604
"un48ju6400";0.00830547150144887
"520";0.008307002038864206
"tde1982b";0.008308814666766083
"65x850c";0.008315846225858528
"xbr55x900c";0.009284281162046921
"xbr55x800b";0.009288146664022053
"43uf6400";0.009288348810014446
"920";0.00928976062051369
"55eg9100";0.009293445978585429
"un40ju6400fxza";0.010178142653133711
"xbr43x830c";0.012459566877150663
"2840";0.012471645351548561
"tde1384b";0.013141201065341473
"3.00";0.01377360209962794
"65eg9600";0.017116871510169336
"srh440";0.019912957568050595
"650";0.020765525828330047
"ivori";0.02079222672029709
"55eg9600";0.022377798987493216
"k712";0.025565842411337285
